city,region,category,url,name,address,price,phone,box_sizes,lat,lon
Санкт-Петербург,Санкт-Петербург,self_storage,https://www.avito.ru/sankt-peterburg/kommercheskaya_nedvizhimost/arenda_teplogo_sklada_ot_25_m_do_45_m_8114403040,"Аренда тёплого склада от 2,5 м² до 4,5 м²","Наб. Обводного канала, 134-136-138к401",5100,,2.5–4.5 м²,,
Санкт-Петербург,Санкт-Петербург,warehouse_rental,https://www.avito.ru/sankt-peterburg_krasnoye_selo/kommercheskaya_nedvizhimost/skladskie_pomescheniya_bolee_288_m_7764718023,Складские помещения более 288 м²,Красное Село,172800,,288 м²,,
Санкт-Петербург,Санкт-Петербург,self_storage,https://www.avito.ru/sankt-peterburg/kommercheskaya_nedvizhimost/arenda_teplogo_sklada_ot_4_m_do_65_m_8178601848,"Аренда тёплого склада от 4 м² до 6,5 м²","Якорная ул., 7А",7000,,4–6.5 м²,,
Санкт-Петербург,Санкт-Петербург,warehouse_rental,https://www.avito.ru/sankt-peterburg_krasnoye_selo/kommercheskaya_nedvizhimost/otaplivaemyy_sklad_180_m_ot_sobstvennika_8180243091,"Отапливаемый склад, 180 м² от собственника",Красное Село,153000,,180 м²,,
Санкт-Петербург,Санкт-Петербург,self_storage,https://www.avito.ru/sankt-peterburg/kommercheskaya_nedvizhimost/osvobodilas_kladovka_1.5_m_dlya_hraneniya_veschey_8230286591,Освободилась кладовка 1.5 м² для хранения вещей,"1-й Верхний пер., 2",2400,,1.5 м²,,
Санкт-Петербург,Санкт-Петербург,self_storage,https://www.avito.ru/sankt-peterburg/kommercheskaya_nedvizhimost/arenda_teplogo_sklada_ot_11_m_do_165_m_7922887494,"Аренда тёплого склада от 11 м² до 16,5 м²","Наб. Обводного канала, 134-136-138к401",12600,,11–16.5 м²,,
Санкт-Петербург,Санкт-Петербург,self_storage,https://www.avito.ru/sankt-peterburg/kommercheskaya_nedvizhimost/teplaya_kladovka_1_m3_u_m._elektrosilabez_zaloga_7838199828,Тёплая кладовка 1 м3 у м. Электросила/без залога,"Варшавская ул., 32",950,,,,
Санкт-Петербург,Санкт-Петербург,self_storage,https://www.avito.ru/sankt-peterburg/kommercheskaya_nedvizhimost/arenda_teplogo_sklada_ot_11_m_do_13_m_7538291975,Аренда тёплого склада от 11 м² до 13 м²,"5-й Предпортовый пр., 14к1",7600,,11–13 м²,,
Санкт-Петербург,Санкт-Петербург,self_storage,https://www.avito.ru/sankt-peterburg/kommercheskaya_nedvizhimost/sklad-boks_68_m_na_salova_247_podezd_k_boksu_7422551536,"Склад-бокс 6,8 м² на Салова 24/7, подъезд к боксу","Ул. Салова, 34",3800,,6.8 м²,,
Санкт-Петербург,Санкт-Петербург,self_storage,https://www.avito.ru/sankt-peterburg/kommercheskaya_nedvizhimost/sklad_1_m_8270558772,"Склад, 1 м²","Пр-т Сизова, 2",2928,,1 м²,,
Санкт-Петербург,Санкт-Петербург,self_storage,https://www.avito.ru/sankt-peterburg/kommercheskaya_nedvizhimost/sklad_3_m_7790744928,"Склад, 3 м²","Лиговский пр-т, 246к4",3752,,3 м²,,
Санкт-Петербург,Санкт-Петербург,self_storage,https://www.avito.ru/sankt-peterburg/kommercheskaya_nedvizhimost/arenda_sklada_ot_1_m2_3515870898,Аренда склада от 1 м2,"Стародеревенская ул., 11к2",1300,,1 м²,,
Санкт-Петербург,Санкт-Петербург,warehouse_rental,https://www.avito.ru/sankt-peterburg/kommercheskaya_nedvizhimost/ne_sklad._a_mesto_dlya_vashego_biznesa_8168085948,Не склад. А место для вашего бизнеса,"Уманский пер., 68к2",,,,,
Санкт-Петербург,Санкт-Петербург,self_storage,https://www.avito.ru/sankt-peterburg/kommercheskaya_nedvizhimost/arenda_teplogo_sklada_ot_7_m_do_10_m_4371247507,Аренда тёплого склада от 7 м² до 10 м²,"Якорная ул., 7А",5700,,7–10 м²,,
Санкт-Петербург,Санкт-Петербург,self_storage,https://www.avito.ru/sankt-peterburg/kommercheskaya_nedvizhimost/sklad-boks_35_m_na_petergofskom_shosse_247_7422750254,"Склад-бокс 3,5 м² на Петергофском шоссе 24/7","Петергофское ш., 65Г1",4320,,3.5 м²,,
Санкт-Петербург,Санкт-Петербург,self_storage,https://www.avito.ru/sankt-peterburg/kommercheskaya_nedvizhimost/teplaya_kladovka_sklad_4_m_bez_depozita_s_ohranoy_7931440232,"Теплая кладовка Склад, 4 м² без депозита с охраной","Стародеревенская ул., 11к2",4900,,4 м²,,
Санкт-Петербург,Санкт-Петербург,self_storage,https://www.avito.ru/sankt-peterburg/kommercheskaya_nedvizhimost/sklad-boks_35_m_na_parnase_zaezd_k_boksu_7742749110,"Склад-бокс 3,5 м² на Парнасе заезд к боксу","Выборгское ш., 200А",4320,,3.5 м²,,
Санкт-Петербург,Санкт-Петербург,self_storage,https://www.avito.ru/sankt-peterburg/kommercheskaya_nedvizhimost/kladovki_i_sklady_v_arendu_8167434858,Кладовки и склады в аренду,"Московское ш., 23к2Ж",2900,,,,
Санкт-Петербург,Санкт-Петербург,self_storage,https://www.avito.ru/sankt-peterburg/kommercheskaya_nedvizhimost/sklad_individualnogo_hraneniya_1_m_8158449697,"Склад индивидуального хранения, 1 м²","Пос. Шушары, Новгородский пр-т, 4",2035,,1 м²,,
Санкт-Петербург,Санкт-Петербург,self_storage,https://www.avito.ru/sankt-peterburg/kommercheskaya_nedvizhimost/sklad_3_m_8206331479,"Склад, 3 м²","Лиговский пр-т, 246к4",3752,,3 м²,,
Санкт-Петербург,Санкт-Петербург,warehouse_rental,https://www.avito.ru/sankt-peterburg/kommercheskaya_nedvizhimost/sklad_958_m_ofis_8513628102,"Склад, 958 м² + офис","Верхняя ул., 12",600,,958 м²,,
Санкт-Петербург,Санкт-Петербург,self_storage,https://www.avito.ru/sankt-peterburg/kommercheskaya_nedvizhimost/sklad_3_m_8014130977,"Склад, 3 м²","Евпаторийский пер., 7",5124,,3 м²,,
Санкт-Петербург,Санкт-Петербург,self_storage,https://www.avito.ru/sankt-peterburg/kommercheskaya_nedvizhimost/sklad_1.5_m_7854002302,"Склад, 1.5 м²","Лиговский пр-т, 246к4",915,,1.5 м²,,
Санкт-Петербург,Санкт-Петербург,self_storage,https://www.avito.ru/sankt-peterburg/kommercheskaya_nedvizhimost/arenda_teplogo_sklada_ot_14_m_do_195_m_7538501954,"Аренда тёплого склада от 14 м² до 19,5 м²","5-й Предпортовый пр., 14к1",9700,,14–19.5 м²,,
Санкт-Петербург,Санкт-Петербург,self_storage,https://www.avito.ru/sankt-peterburg/kommercheskaya_nedvizhimost/sklad_1.5_m_7726844994,"Склад, 1.5 м²","Пр-т Сизова, 2",1037,,1.5 м²,,
Санкт-Петербург,Санкт-Петербург,self_storage,https://www.avito.ru/sankt-peterburg/kommercheskaya_nedvizhimost/arenda_teplogo_sklada_ot_125_m_do_145_m_4754862722,"Аренда тёплого склада от 12,5 м² до 14,5 м²","Якорная ул., 7А",19200,,12.5–14.5 м²,,
Санкт-Петербург,Санкт-Петербург,warehouse_rental,https://www.avito.ru/sankt-peterburg_krasnoye_selo/kommercheskaya_nedvizhimost/skladskie_pomescheniya_ot_72_m_do_2200_m_8180600405,Складские помещения от 72 м² до 2200 м²,Красное Село,28800,,72–2200 м²,,
Санкт-Петербург,Санкт-Петербург,self_storage,https://www.avito.ru/sankt-peterburg/kommercheskaya_nedvizhimost/arenda_teplogo_sklada_ot_1_m_do_12_m_4690657290,Аренда тёплого склада от 1 м² до 12 м²,"Чугунная ул., 14Ж",2650,,1–12 м²,,
Санкт-Петербург,Санкт-Петербург,self_storage,https://www.avito.ru/sankt-peterburg/kommercheskaya_nedvizhimost/arenda_teplogo_sklada_ot_5_m_do_105_m_4754574958,"Аренда тёплого склада от 5 м² до 10,5 м²","Наб. Обводного канала, 134-136-138к401",6440,,5–10.5 м²,,
Санкт-Петербург,Санкт-Петербург,self_storage,https://www.avito.ru/sankt-peterburg/kommercheskaya_nedvizhimost/arenda_teplogo_sklada_ot_5_m_do_75_m_8210091907,"Аренда тёплого склада от 5 м² до 7,5 м²","5-й Предпортовый пр., 14к1",5520,,5–7.5 м²,,
Санкт-Петербург,Санкт-Петербург,self_storage,https://www.avito.ru/sankt-peterburg/kommercheskaya_nedvizhimost/arenda_teplogo_sklada_ot_15_m_do_22_m_8114241376,Аренда тёплого склада от 15 м² до 22 м²,"Чугунная ул., 14Ж",30300,,15–22 м²,,
Санкт-Петербург,Санкт-Петербург,warehouse_rental,https://www.avito.ru/sankt-peterburg/kommercheskaya_nedvizhimost/proizvodstvosklad_30006000m2_krany_10t_abk_8246005150,"Производство/склад 3000,6000м2, краны 10т, абк","Пр-т Энгельса, 179",2100420,,3000.6 м²,,
Санкт-Петербург,Санкт-Петербург,self_storage,https://www.avito.ru/sankt-peterburg/kommercheskaya_nedvizhimost/sklad_20_m_8046337735,"Склад, 20 м²","Евпаторийский пер., 7",29890,,20 м²,,
Санкт-Петербург,Санкт-Петербург,self_storage,https://www.avito.ru/sankt-peterburg/kommercheskaya_nedvizhimost/sklad-konteyner_dlya_hraneniya_5_m_7357852909,Склад-контейнер для хранения 5 м²,"Софийская ул., 62к6",4700,,5 м²,,
Санкт-Петербург,Санкт-Петербург,self_storage,https://www.avito.ru/sankt-peterburg/kommercheskaya_nedvizhimost/arenda_teploy_kladovki_2_m_7931003059,"Аренда тёплой кладовки, 2 м²","Стародеревенская ул., 11к2",2450,,2 м²,,
Санкт-Петербург,Санкт-Петербург,self_storage,https://www.avito.ru/sankt-peterburg/kommercheskaya_nedvizhimost/arenda_teplogo_sklada_ot_8_m_do_105_m_7698471876,"Аренда тёплого склада от 8 м² до 10,5 м²","5-й Предпортовый пр., 14к1",8880,,8–10.5 м²,,
Санкт-Петербург,Санкт-Петербург,self_storage,https://www.avito.ru/sankt-peterburg/kommercheskaya_nedvizhimost/arenda_sklada_kladovki_v_rybatskom_metallostroe_8392964152,"Аренда склада, кладовки в Рыбацком, Металлострое","3-й Рыбацкий пр., 8Б",3300,,,,
Санкт-Петербург,Санкт-Петербург,self_storage,https://www.avito.ru/sankt-peterburg/kommercheskaya_nedvizhimost/sklad_9_m_8283636183,"Склад, 9 м²","Нефтяная дорога, 1Б",3450,,9 м²,,
Санкт-Петербург,Санкт-Петербург,self_storage,https://www.avito.ru/sankt-peterburg/kommercheskaya_nedvizhimost/sklad_ot_2_m_do_5_m_8110384786,Склад от 2 м² до 5 м²,"Пр-т Героев, 26к4",2700,,2–5 м²,,
Санкт-Петербург,Санкт-Петербург,self_storage,https://www.avito.ru/sankt-peterburg/kommercheskaya_nedvizhimost/arenda_lichnogo_sklada_24-7_v_spb._m._primorskaya_8058209465,Аренда личного склада 24-7 в СПб. м. Приморская,"Наличная ул., 36к7Б",1952,,,,
Санкт-Петербург,Санкт-Петербург,self_storage,https://www.avito.ru/sankt-peterburg/kommercheskaya_nedvizhimost/teplyy_sklad_4.1_m_kladovaya_s_remontom_4163949005,"Теплый Склад, 4.1 м² (Кладовая с ремонтом)","Малый пр-т Васильевского острова, 54к2",7990,,4.1 м²,,
Санкт-Петербург,Санкт-Петербург,self_storage,https://www.avito.ru/sankt-peterburg/kommercheskaya_nedvizhimost/sklad-boks_3.5_m._staraya_derevnya_5_minut_peshkom_4127116010,Склад-бокс 3.5 м. Старая Деревня 5 минут пешком,"Торфяная дорога, 19А",4770,,,,
Санкт-Петербург,Санкт-Петербург,self_storage,https://www.avito.ru/sankt-peterburg_kolpino/kommercheskaya_nedvizhimost/skladmasterskayabyuti_-_bokna_-_15_m_-_247_8426840785,Склад/мастерская/бьюти - б/окна - 15 м² - 24/7,Колпино,9900,,15 м²,,
Санкт-Петербург,Санкт-Петербург,self_storage,https://www.avito.ru/sankt-peterburg/kommercheskaya_nedvizhimost/sklad_individualnogo_hraneniya_7.5_m_8174488490,"Склад индивидуального хранения, 7.5 м²","Фаянсовая ул., 24",5900,,7.5 м²,,
Санкт-Петербург,Санкт-Петербург,warehouse_rental,https://www.avito.ru/sankt-peterburg_pushkin/kommercheskaya_nedvizhimost/sklad_750_m_8425626535,"Склад, 750 м²",Пушкин,471750,,750 м²,,
Санкт-Петербург,Санкт-Петербург,self_storage,https://www.avito.ru/sankt-peterburg/kommercheskaya_nedvizhimost/sklad_10.2_m_8270406916,"Склад, 10.2 м²","Среднерогатская ул., 13к1",10000,,10.2 м²,,
Санкт-Петербург,Санкт-Петербург,self_storage,https://www.avito.ru/sankt-peterburg/kommercheskaya_nedvizhimost/sklad-konteyner_ot_25_do_30_m_8220527626,"Склад-контейнер от 2,5 до 30 м²","Ул. Руставели, 37",3500,,2.5–30 м²,,
Санкт-Петербург,Санкт-Петербург,warehouse_rental,https://www.avito.ru/sankt-peterburg/kommercheskaya_nedvizhimost/sklad_450_m_8513345592,"Склад, 450 м²","Пр-т Непокорённых, 63К39",353250,,450 м²,,
Санкт-Петербург,Санкт-Петербург,self_storage,https://www.avito.ru/sankt-peterburg/kommercheskaya_nedvizhimost/hranenie_veschey_1_m3_7567845562,"Хранение вещей, 1 м3","Краснопутиловская ул., 69",1500,,,,
Санкт-Петербург,Санкт-Петербург,warehouse_rental,https://www.avito.ru/sankt-peterburg/kommercheskaya_nedvizhimost/sklad_275_m_7388032386,"Склад, 275 м²","Цветочная ул., 18Б",302500,,275 м²,,
Санкт-Петербург,Санкт-Петербург,warehouse_rental,https://www.avito.ru/sankt-peterburg/kommercheskaya_nedvizhimost/sklad_100_m_8418870158,"Склад, 100 м²","Торфяная дорога, 9к1",75000,,100 м²,,
Санкт-Петербург,Санкт-Петербург,self_storage,https://www.avito.ru/sankt-peterburg/kommercheskaya_nedvizhimost/sklad_30_m_7796787790,"Склад, 30 м²","4-й Верхний пер., 3",13500,,30 м²,,
Санкт-Петербург,Санкт-Петербург,warehouse_rental,https://www.avito.ru/sankt-peterburg/kommercheskaya_nedvizhimost/arenda_sklada_na_baze_morskih_konteynerov_7767733586,Аренда склада на базе морских контейнеров,"Суздальское ш., 65к7",4990,,,,
Санкт-Петербург,Санкт-Петербург,warehouse_rental,https://www.avito.ru/sankt-peterburg/kommercheskaya_nedvizhimost/arenda_skladskih_pomescheniy_ot_600_do_800_m_7688837114,Аренда складских помещений от 600 до 800 м²,"Шафировский пр-т, 17Д",300000,,600–800 м²,,
Санкт-Петербург,Санкт-Петербург,warehouse_rental,https://www.avito.ru/sankt-peterburg/kommercheskaya_nedvizhimost/sklad_451_m_v_arendu_247_bez_komissii_8362151368,"Склад 451 м² в аренду —24/7, без комиссии","Киевская ул., 5АЗ",315700,,451 м²,,
Санкт-Петербург,Санкт-Петербург,self_storage,https://www.avito.ru/sankt-peterburg/kommercheskaya_nedvizhimost/arenda_skladskogo_pomescheniya_15_m_v_shusharah._sob-k_8362046362,Аренда складского помещения 15 м² в Шушарах. Соб-к,"Пос. Шушары, Московское ш., 244",11000,,15 м²,,
Санкт-Петербург,Санкт-Петербург,self_storage,https://www.avito.ru/sankt-peterburg/kommercheskaya_nedvizhimost/arenda_individualnogo_konteynera_sklad_275m_7943705492,"Аренда индивидуального контейнера, склад 2,75м²","Чарушинская ул., 10",2500,,2.75 м²,,
Санкт-Петербург,Санкт-Петербург,warehouse_rental,https://www.avito.ru/sankt-peterburg/kommercheskaya_nedvizhimost/sklad_8166604315,Склад,"Пос. Шушары, Московское ш., 92",170000,,,,
Санкт-Петербург,Санкт-Петербург,warehouse_rental,https://www.avito.ru/sankt-peterburg/kommercheskaya_nedvizhimost/arenda_sklada_v_spb_7769255477,Аренда склада в СПб,"Пос. Шушары, Пушкинская ул., 25к4",,,,,
Санкт-Петербург,Санкт-Петербург,self_storage,https://www.avito.ru/sankt-peterburg/kommercheskaya_nedvizhimost/snyat_tepluyu_kladovku_na_hudozhnikov_dostup_247_8253942792,"Снять тёплую кладовку на Художников, доступ 24/7","Пр-т Художников, 10к1",1079,,,,
Санкт-Петербург,Санкт-Петербург,self_storage,https://www.avito.ru/sankt-peterburg/kommercheskaya_nedvizhimost/boksy_dlya_hraneniya_ot_25_m_7768432865,"Боксы для хранения от 2,5 м²","2-й Верхний пер., 14",3500,,2.5 м²,,
Санкт-Петербург,Санкт-Петербург,self_storage,https://www.avito.ru/sankt-peterburg/kommercheskaya_nedvizhimost/teplyy_sklad_6_m_bez_depozita_7931671436,"Тёплый склад, 6 м² без депозита","Стародеревенская ул., 11к2",6600,,6 м²,,
Санкт-Петербург,Санкт-Петербург,self_storage,https://www.avito.ru/sankt-peterburg/kommercheskaya_nedvizhimost/arenda_sklada_30_m_dlya_hraneniya_8384540790,Аренда склада 30 м² для хранения,"Коломяжский пр-т, 10",16650,,30 м²,,
Санкт-Петербург,Санкт-Петербург,self_storage,https://www.avito.ru/sankt-peterburg/kommercheskaya_nedvizhimost/arenda_sklada_konteynera_dlya_hraneniya_veschey_15_m_4227682241,"Аренда склада контейнера для хранения вещей, 15 м²","Пр-т Культуры, 41к4",10400,,15 м²,,
Санкт-Петербург,Санкт-Петербург,self_storage,https://www.avito.ru/sankt-peterburg/kommercheskaya_nedvizhimost/holodnyy_sklad_v_arendu_yacheyki_ot_4_m_do_30_m_7520454370,Холодный склад в аренду ячейки от 4 м² до 30 м²,"Волхонское ш., 111",3200,,4–30 м²,,
Санкт-Петербург,Санкт-Петербург,warehouse_rental,https://www.avito.ru/sankt-peterburg/kommercheskaya_nedvizhimost/sklad_100_m_3886613411,"Склад, 100 м²","Пос. Стрельна, Фронтовая ул., 3Ф",43000,,100 м²,,
Санкт-Петербург,Санкт-Петербург,self_storage,https://www.avito.ru/sankt-peterburg/kommercheskaya_nedvizhimost/sklad_dlya_veschey_ot_25_do_30_m_8219912945,"Склад для вещей от 2,5 до 30 м²","Пр-т Ветеранов, 169к1",3500,,2.5–30 м²,,
Санкт-Петербург,Санкт-Петербург,self_storage,https://www.avito.ru/sankt-peterburg/kommercheskaya_nedvizhimost/teplyy_sklad_5_m_kladovaya_7459483874,"Теплый Склад, 5 м² (Кладовая)","Политехническая ул., 6",6990,,5 м²,,
Санкт-Петербург,Санкт-Петербург,warehouse_rental,https://www.avito.ru/sankt-peterburg/kommercheskaya_nedvizhimost/sklad_240_m_8417837939,"Склад, 240 м²","Краснопутиловская ул., 44к3",84000,,240 м²,,
Санкт-Петербург,Санкт-Петербург,self_storage,https://www.avito.ru/sankt-peterburg/kommercheskaya_nedvizhimost/kladovka-konteyner_ot_25_m_8312249847,"Кладовка-контейнер от 2,5 м²","Зотовский пр-т, 5",3500,,2.5 м²,,
Санкт-Петербург,Санкт-Петербург,self_storage,https://www.avito.ru/sankt-peterburg/kommercheskaya_nedvizhimost/arenda_sklada_bolshaya_kladovka_v_spb_ot_6_do_10_m_8110607066,Аренда склада большая кладовка в СПБ от 6 до 10 м²,"Пр-т Героев, 26к4",12750,,6–10 м²,,
Санкт-Петербург,Санкт-Петербург,self_storage,https://www.avito.ru/sankt-peterburg/kommercheskaya_nedvizhimost/sklad_ot_5_m2_na_krasnoputilovskoy_7381936067,Склад от 5 м2 на Краснопутиловской,"Краснопутиловская ул., 48",5600,,5 м²,,
Санкт-Петербург,Санкт-Петербург,self_storage,https://www.avito.ru/sankt-peterburg/kommercheskaya_nedvizhimost/sklad_kladovka_-_na_moskovskom_10-12_8449474288,"Склад, Кладовка - на Московском 10-12","Московский пр-т, 10-12В",,,,,
Санкт-Петербург,Санкт-Петербург,warehouse_rental,https://www.avito.ru/sankt-peterburg/kommercheskaya_nedvizhimost/sklad_proizvodstvo_ot_50m_-_1100_m_8481219428,"Склад, производство от 50м - 1100 м²","Торфяная дорога, 9к3",825000,,1100 м²,,
Санкт-Петербург,Санкт-Петербург,warehouse_rental,https://www.avito.ru/sankt-peterburg/kommercheskaya_nedvizhimost/sklad_254_m_8305789219,"Склад, 254 м²","Ул. Трефолева, 2БЖ",203200,,254 м²,,
Санкт-Петербург,Санкт-Петербург,self_storage,https://www.avito.ru/sankt-peterburg/kommercheskaya_nedvizhimost/arenda_yacheyki_1_m_8166245515,Аренда ячейки 1 м²,"1-й Верхний пер., 2",1600,,1 м²,,
Санкт-Петербург,Санкт-Петербург,warehouse_rental,https://www.avito.ru/sankt-peterburg/kommercheskaya_nedvizhimost/teploe_pomeschenie_230_m_pod_sklad_i_proizvodstvo_7849811221,Тёплое помещение 230 м² под склад и производство,"Полюстровский пр-т, 45Г",161000,,230 м²,,
Санкт-Петербург,Санкт-Петербург,self_storage,https://www.avito.ru/sankt-peterburg/kommercheskaya_nedvizhimost/kladovka_dlya_hraneniya_veschey_ot_25_m_8203412836,"Кладовка для хранения вещей, от 2,5 м²","Суздальское ш., 25",3500,,2.5 м²,,
Санкт-Петербург,Санкт-Петербург,self_storage,https://www.avito.ru/sankt-peterburg/kommercheskaya_nedvizhimost/kladovka_26_m_u_m._dybenko_dlya_shin_i_korobok_7422852509,"Кладовка 2,6 м² у м. Дыбенко для шин и коробок","Ул. Дыбенко, 42",3500,,2.6 м²,,
Санкт-Петербург,Санкт-Петербург,self_storage,https://www.avito.ru/sankt-peterburg/kommercheskaya_nedvizhimost/arenda_konteynera_pod_hranenie_veschey_15_m_7904415654,Аренда контейнера под хранение вещей 15 м²,"Волхонское ш., 111",10500,,15 м²,,
Санкт-Петербург,Санкт-Петербург,self_storage,https://www.avito.ru/sankt-peterburg/kommercheskaya_nedvizhimost/sklad_kladovka_4_m_3958581014,"Склад, кладовка 4 м²","Дорога в Каменку, 17А",3500,,4 м²,,
Санкт-Петербург,Санкт-Петербург,warehouse_rental,https://www.avito.ru/sankt-peterburg/kommercheskaya_nedvizhimost/teplyy_sklad-ofis_69_m_u_m._udelnaya_otdelnyy_v_8397053039,"Тёплый склад-офис 69 м² у м. Удельная, отдельный в","Костромской пр-т, 42",70000,,69 м²,,
Санкт-Петербург,Санкт-Петербург,self_storage,https://www.avito.ru/sankt-peterburg/kommercheskaya_nedvizhimost/sklad-konteyner_pod_tovar_i_biznes_30_m_8203455065,"Склад-контейнер под товар и бизнес, 30 м²","Суздальское ш., 25",9000,,30 м²,,
Санкт-Петербург,Санкт-Петербург,warehouse_rental,https://www.avito.ru/sankt-peterburg/kommercheskaya_nedvizhimost/proizvodstvo_sklad_670m2_kalininskiy_rayon_8252673832,Производство/ склад 670м2 Калининский район,"Ул. Комсомола, 1-3Ч",435500,,670 м²,,
Санкт-Петербург,Санкт-Петербург,self_storage,https://www.avito.ru/sankt-peterburg/kommercheskaya_nedvizhimost/bolshoy_sklad_na_mebelnoy_30_m_8209620366,Большой Склад на Мебельной 30 м²,"Мебельная ул., 2И",18000,,30 м²,,
Санкт-Петербург,Санкт-Петербург,warehouse_rental,https://www.avito.ru/sankt-peterburg/kommercheskaya_nedvizhimost/sklad_proizvodstvo_avtoservis._pervaya_liniya_4551463637,"Склад, производство, автосервис. Первая линия","Пос. Шушары, Московское ш., 169",,,,,
Санкт-Петербург,Санкт-Петербург,self_storage,https://www.avito.ru/sankt-peterburg/kommercheskaya_nedvizhimost/arenda_sklada_konteynera_2.5_m_dlya_hraneniya_veschey_7427613108,Аренда склада контейнера 2.5 м² для хранения вещей,"Полюстровский пр-т, 52",3600,,2.5 м²,,
Санкт-Петербург,Санкт-Петербург,self_storage,https://www.avito.ru/sankt-peterburg/kommercheskaya_nedvizhimost/sklad_50_m_8425693902,"Склад, 50 м²","Торфяная дорога, 9к1",37500,,50 м²,,
Санкт-Петербург,Санкт-Петербург,warehouse_rental,https://www.avito.ru/sankt-peterburg_peterhof/kommercheskaya_nedvizhimost/proizvodstvo_sklad_1154_m_7688507735,"Производство, склад 1154 м²",Петергоф,995000,,1154 м²,,
Санкт-Петербург,Санкт-Петербург,warehouse_rental,https://www.avito.ru/sankt-peterburg/kommercheskaya_nedvizhimost/sklad_4202_m_8321731430,"Склад, 4202 м²","Фрунзенский район, Прогонная ул., 5Б",3781800,,4202 м²,,
Санкт-Петербург,Санкт-Петербург,self_storage,https://www.avito.ru/sankt-peterburg/kommercheskaya_nedvizhimost/arenda_sklada_15_m_dlya_hraneniya_veschey_8096054938,Аренда склада 15 м² для хранения вещей,"Фаянсовая ул., 24",8550,,15 м²,,
Санкт-Петербург,Санкт-Петербург,warehouse_rental,https://www.avito.ru/sankt-peterburg/kommercheskaya_nedvizhimost/arenda_teplogo_sklada_950m_vnutri_kad_8083246604,"Аренда теплого склада 950м², внутри КАД","Дальневосточный пр-т, 73А",811300,,950 м²,,
Санкт-Петербург,Санкт-Петербург,warehouse_rental,https://www.avito.ru/sankt-peterburg/kommercheskaya_nedvizhimost/udobnyy_sklad_1731.2_m_pravilnoy_formy_ryadom_metro_8163814871,"Удобный склад 1731.2 м² правильной формы, рядом метро","Мебельная ул., 5",1989149,,1731.2 м²,,
Санкт-Петербург,Санкт-Петербург,warehouse_rental,https://www.avito.ru/sankt-peterburg/kommercheskaya_nedvizhimost/arenda_sklad_i_ofis_8317129842,Аренда Склад и Офис,"Предпортовая ул., 4",180000,,,,
Санкт-Петербург,Санкт-Петербург,self_storage,https://www.avito.ru/sankt-peterburg/kommercheskaya_nedvizhimost/sklad_30_m_konteyner_40_futov_4278194372,"Склад, 30 м² контейнер 40 футов","Малая Балканская ул., 61",16200,,30 м²,,
Санкт-Петербург,Санкт-Петербург,self_storage,https://www.avito.ru/sankt-peterburg/kommercheskaya_nedvizhimost/arenda_konteynera_15_m_pod_sklad_8384161810,Аренда контейнера 15 м² под склад,"Старообрядческая ул., 24",8700,,15 м²,,
Санкт-Петербург,Санкт-Петербург,self_storage,https://www.avito.ru/sankt-peterburg/kommercheskaya_nedvizhimost/arenda_sklada_konteynera_dlya_hraneniya_veschey_15_m_4132292565,"Аренда склада контейнера для хранения вещей, 15 м²","Полюстровский пр-т, 52",11200,,15 м²,,
Санкт-Петербург,Санкт-Петербург,self_storage,https://www.avito.ru/sankt-peterburg/kommercheskaya_nedvizhimost/kladovka-konteyner_ot_25_m_shushary_7640749219,"Кладовка-контейнер от 2,5 м² — Шушары","Пос. Шушары, Московское ш., 109к7",3500,,2.5 м²,,
Санкт-Петербург,Санкт-Петербург,warehouse_rental,https://www.avito.ru/sankt-peterburg/kommercheskaya_nedvizhimost/proizvodstvosklad_2497_m_v_gorode_7943429090,"Производство/склад, 2497 м² в городе","Гаражный пр., 1",2497000,,2497 м²,,
Санкт-Петербург,Санкт-Петербург,self_storage,https://www.avito.ru/sankt-peterburg/kommercheskaya_nedvizhimost/sklad_na_staroy_derevne_15_m_8208875929,Склад на Старой Деревне 15 м²,"Мебельная ул., 2И",10500,,15 м²,,
Санкт-Петербург,Санкт-Петербург,warehouse_rental,https://www.avito.ru/sankt-peterburg/kommercheskaya_nedvizhimost/sklad_501_m_8270318675,"Склад, 501 м²","Пр-т Непокорённых, 63к43",393285,,501 м²,,
Санкт-Петербург,Санкт-Петербург,self_storage,https://www.avito.ru/sankt-peterburg/kommercheskaya_nedvizhimost/sklad_v_arendu_30_m_avtovo_hranenie_tovarov_8386368582,"Склад в аренду 30 м², Автово Хранение товаров","Кронштадтская ул., 11",11990,,30 м²,,
Санкт-Петербург,Санкт-Петербург,self_storage,https://www.avito.ru/sankt-peterburg/kommercheskaya_nedvizhimost/sklad_1.5_m_8269949422,"Склад, 1.5 м²","Ул. Крыленко, 3Б",3386,,1.5 м²,,
Санкт-Петербург,Санкт-Петербург,self_storage,https://www.avito.ru/sankt-peterburg/kommercheskaya_nedvizhimost/arenda_sklada_konteynera_4_m_dlya_hraneniya_veschey_1956352347,"Аренда склада контейнера, 4 м² для хранения вещей","Софийская ул., 56к2",4300,,4 м²,,
Санкт-Петербург,Санкт-Петербург,self_storage,https://www.avito.ru/sankt-peterburg/kommercheskaya_nedvizhimost/arenda_mini-sklada_4_m_8295796743,Аренда мини-склада 4 м²,"Чарушинская ул., 26к1",3500,,4 м²,,
Санкт-Петербург,Санкт-Петербург,self_storage,https://www.avito.ru/sankt-peterburg/kommercheskaya_nedvizhimost/arenda_teploy_kladovki_-_yacheyki_ot_07_m3_7870339081,"Аренда теплой кладовки - ячейки от 0,7 м3","Ул. Фрунзе, 23",1223,,,,
Санкт-Петербург,Санкт-Петербург,self_storage,https://www.avito.ru/sankt-peterburg/kommercheskaya_nedvizhimost/konteyner_sklad_15m2_v_nevskom_rayone_8177508898,Контейнер склад 15м2 в Невском районе,"Октябрьская наб., 12Л",7500,,15 м²,,
Санкт-Петербург,Санкт-Петербург,warehouse_rental,https://www.avito.ru/sankt-peterburg_sestroretsk/kommercheskaya_nedvizhimost/gorskaya_skladproizvodstvo_1460_m_8123016809,"Горская Склад/Производство, 1460 м²",Сестрорецк,1204500,,1460 м²,,
Санкт-Петербург,Санкт-Петербург,self_storage,https://www.avito.ru/sankt-peterburg/kommercheskaya_nedvizhimost/boks_dlya_hraneniya_veschey_ot_25_m_8267149890,"Бокс для хранения вещей, от 2,5 м²","Приневская ул., 12к2",3500,,2.5 м²,,
Санкт-Петербург,Санкт-Петербург,self_storage,https://www.avito.ru/sankt-peterburg/kommercheskaya_nedvizhimost/arenda_kladovki_dlya_hraneniya_veschey_na_aptekarskoy_8254718153,Аренда кладовки для хранения вещей на Аптекарской,"Аптекарская наб., 6",849,,,,
Санкт-Петербург,Санкт-Петербург,warehouse_rental,https://www.avito.ru/sankt-peterburg/kommercheskaya_nedvizhimost/proizvodstvosklad_2823_m_u_m._obuhovo_7879042132,"Производство/склад, 2823 м² у м. Обухово","Гаражный пр., 1",2823000,,2823 м²,,
Санкт-Петербург,Санкт-Петербург,self_storage,https://www.avito.ru/sankt-peterburg/kommercheskaya_nedvizhimost/arenda_individualnogo_konteynera_sklad_75m_8103694653,"Аренда индивидуального контейнера, склад 7,5м²","Чарушинская ул., 26к1",5900,,7.5 м²,,
Санкт-Петербург,Санкт-Петербург,self_storage,https://www.avito.ru/sankt-peterburg/kommercheskaya_nedvizhimost/hranenie_veschey_teplyy_sklad_spbot_11_do_16_m_8110424172,"Хранение вещей теплый склад СПБ,от 11 до 16 м²","Пр-т Героев, 26к4",23375,,11–16 м²,,
Санкт-Петербург,Санкт-Петербург,warehouse_rental,https://www.avito.ru/sankt-peterburg/kommercheskaya_nedvizhimost/bolshoy_konteyner_pod_sklad_na_bolshevikov_8177036888,Большой Контейнер под склад на Большевиков,"Октябрьская наб., 12Л",9990,,,,
Санкт-Петербург,Санкт-Петербург,self_storage,https://www.avito.ru/sankt-peterburg/kommercheskaya_nedvizhimost/arenda_holodnogo_konteynera_pod_sklad_30_m_7904464565,Аренда холодного контейнера под склад 30 м²,"Волхонское ш., 111",12500,,30 м²,,
Санкт-Петербург,Санкт-Петербург,self_storage,https://www.avito.ru/sankt-peterburg/kommercheskaya_nedvizhimost/arenda_teplogo_boksa_dlya_hraneniya_veschey_1_m_8165913157,Аренда теплого бокса для хранения вещей 1 м²,"Ул. Маршала Говорова, 35к5",2750,,1 м²,,
Санкт-Петербург,Санкт-Петербург,self_storage,https://www.avito.ru/sankt-peterburg/kommercheskaya_nedvizhimost/sklad_konteyner_konteyner_30_m_4734449073,"Склад контейнер, контейнер 30 м²","Софийская ул., 62к6",10200,,30 м²,,
Санкт-Петербург,Санкт-Петербург,warehouse_rental,https://www.avito.ru/sankt-peterburg/kommercheskaya_nedvizhimost/teplyy_sklad_1500_m_na_parnase._u_kad._pol_5tm_7931869028,Теплый склад 1500 м² на Парнасе. У КАД. Пол 5т/м²,"1-й Верхний пер., 4",1356000,,1500 м²,,
Санкт-Петербург,Санкт-Петербург,self_storage,https://www.avito.ru/sankt-peterburg/kommercheskaya_nedvizhimost/sklad-konteyner_30_m_7768783411,Склад-контейнер 30 м²,"Октябрьская наб., 108к3А",9000,,30 м²,,
Санкт-Петербург,Санкт-Петербург,self_storage,https://www.avito.ru/sankt-peterburg/kommercheskaya_nedvizhimost/konteyner-sklad_dlya_hraneniya_tovara_30_m_8203680565,"Контейнер-склад для хранения товара, 30 м²","Лапинский пр-т, 13",9000,,30 м²,,
Санкт-Петербург,Санкт-Петербург,self_storage,https://www.avito.ru/sankt-peterburg/kommercheskaya_nedvizhimost/sklad_4_m_dlya_hraneniya_veschey_8384487016,Склад 4 м² для хранения вещей,"Ул. Розенштейна, 39",4590,,4 м²,,
Санкт-Петербург,Санкт-Петербург,self_storage,https://www.avito.ru/sankt-peterburg/kommercheskaya_nedvizhimost/teplyy_sklad_16_m_dlya_tovarov_dostup_247_ohrana_8294322292,"Теплый склад 1,6 м² для товаров, доступ 24/7 охрана","Ул. Маршала Говорова, 35к5",5680,,1.6 м²,,
Санкт-Петербург,Санкт-Петербург,self_storage,https://www.avito.ru/sankt-peterburg/kommercheskaya_nedvizhimost/arenda_kladovki_v_solnechnom_gorode_na_veteranov_7806757986,Аренда кладовки в Солнечном городе на Ветеранов,"Пр-т Ветеранов, 210",1999,,,,
Санкт-Петербург,Санкт-Петербург,self_storage,https://www.avito.ru/sankt-peterburg/kommercheskaya_nedvizhimost/boks_dlya_hraneniya_veschey_ot_25_m_8203008321,"Бокс для хранения вещей, от 2,5 м²","Лапинский пр-т, 13",3500,,2.5 м²,,
Санкт-Петербург,Санкт-Петербург,self_storage,https://www.avito.ru/sankt-peterburg/kommercheskaya_nedvizhimost/arenda_sklada_konteynera_7m_dlya_hraneniya_veschey_4355782377,"Аренда склада контейнера, 7м² для хранения вещей","Пр-т Культуры, 41к4",6100,,7 м²,,
Санкт-Петербург,Санкт-Петербург,self_storage,https://www.avito.ru/sankt-peterburg/kommercheskaya_nedvizhimost/sklad_1_m_8269871781,"Склад, 1 м²","Московское ш., 25В",814,,1 м²,,
Санкт-Петербург,Санкт-Петербург,self_storage,https://www.avito.ru/sankt-peterburg/kommercheskaya_nedvizhimost/sklad_5_m_8356898948,"Склад, 5 м²","Пр-т Сизова, 2",9608,,5 м²,,
Санкт-Петербург,Санкт-Петербург,self_storage,https://www.avito.ru/sankt-peterburg/kommercheskaya_nedvizhimost/teplyy_mini-sklad_3_m_u_m._elektrosila_7838166144,Теплый мини-склад 3 м² у м. Электросила,"Варшавская ул., 32",2700,,3 м²,,
Санкт-Петербург,Санкт-Петербург,self_storage,https://www.avito.ru/sankt-peterburg/kommercheskaya_nedvizhimost/teplye_kladovki_na_pr._engelsa_136_ot_1_m3_8094016140,"Тёплые кладовки на пр. Энгельса, 136 от 1 м3","Пр-т Энгельса, 136к1",950,,,,
Санкт-Петербург,Санкт-Петербург,self_storage,https://www.avito.ru/sankt-peterburg/kommercheskaya_nedvizhimost/kladovka_dlya_hraneniya_veschey_ot_25_m_8203271996,"Кладовка для хранения вещей, от 2,5 м²","Пискарёвский пр-т, 129Е",3500,,2.5 м²,,
Санкт-Петербург,Санкт-Петербург,self_storage,https://www.avito.ru/sankt-peterburg/kommercheskaya_nedvizhimost/teplaya_kladovka_2_m_u_m._elektrosila_247_7838919452,Тёплая кладовка 2 м² у м. Электросила 24/7,"Варшавская ул., 32",1900,,2 м²,,
Санкт-Петербург,Санкт-Петербург,warehouse_rental,https://www.avito.ru/sankt-peterburg/kommercheskaya_nedvizhimost/proizvodstvo-sklad_1562_m_8231064321,"Производство-склад, 1562 м²","Гаражный пр., 1",1562000,,1562 м²,,
Санкт-Петербург,Санкт-Петербург,self_storage,https://www.avito.ru/sankt-peterburg/kommercheskaya_nedvizhimost/sklad-boks_35_m_u_ruchevskoy_dorogi_247_3486962356,"Склад-бокс 3,5 м² у Ручьевской дороги 24/7","Ручьёвская дорога, 100",4320,,3.5 м²,,
Санкт-Петербург,Санкт-Петербург,self_storage,https://www.avito.ru/sankt-peterburg/kommercheskaya_nedvizhimost/teplye_kladovki_u_m._pionerskaya_ispytateley_33_8094159373,"Тёплые кладовки у м. Пионерская Испытателей, 33","Пр-т Испытателей, 33",950,,,,
Санкт-Петербург,Санкт-Петербург,self_storage,https://www.avito.ru/sankt-peterburg/kommercheskaya_nedvizhimost/kladovka-konteyner_dlya_hraneniya_ot_25_m_8203178950,"Кладовка-контейнер для хранения, от 2,5 м²","Тосина ул., 9",3500,,2.5 м²,,
Санкт-Петербург,Санкт-Петербург,self_storage,https://www.avito.ru/sankt-peterburg/kommercheskaya_nedvizhimost/kladovaya_75_m_dlya_hraneniya_veschey_8384097153,"Кладовая 7,5 м² для хранения вещей","Фаянсовая ул., 26",6700,,7.5 м²,,
Санкт-Петербург,Санкт-Петербург,self_storage,https://www.avito.ru/sankt-peterburg/kommercheskaya_nedvizhimost/konteyner_dlya_hraneniya_veschey_15_m_8384343170,Контейнер для хранения вещей 15 м²,"Фаянсовая ул., 26",13650,,15 м²,,
Санкт-Петербург,Санкт-Петербург,self_storage,https://www.avito.ru/sankt-peterburg/kommercheskaya_nedvizhimost/sklad-konteyner_138_m_u_m.dybenko_dlya_veschey_7422446829,"Склад-контейнер 13,8 м² у м.Дыбенко для вещей","Ул. Дыбенко, 42",5750,,13.8 м²,,
Санкт-Петербург,Санкт-Петербург,self_storage,https://www.avito.ru/sankt-peterburg/kommercheskaya_nedvizhimost/sklad_1_m_7854810560,"Склад, 1 м²","Лиговский пр-т, 246к4",2440,,1 м²,,
Санкт-Петербург,Санкт-Петербург,self_storage,https://www.avito.ru/sankt-peterburg/kommercheskaya_nedvizhimost/sklad-konteyner_35_m_v_moskovskom_rayone_247_4287045926,"Склад-контейнер 3,5 м² в Московском районе 24/7","Пулковское ш., 53к3",4320,,3.5 м²,,
Санкт-Петербург,Санкт-Петербург,self_storage,https://www.avito.ru/sankt-peterburg/kommercheskaya_nedvizhimost/sklad-konteyner_35_m_u_pr._veteranov_247_4287179788,"Склад-контейнер 3,5 м² у пр. Ветеранов 24/7","Пр-т Ветеранов, 167к3",4320,,3.5 м²,,
Санкт-Петербург,Санкт-Петербург,self_storage,https://www.avito.ru/sankt-peterburg/kommercheskaya_nedvizhimost/kladovka_dlya_veschey_ot_25_m_shushary_8203798020,"Кладовка для вещей, от 2,5 м² — Шушары","Пос. Шушары, Новгородский пр-т, 24к2",3500,,2.5 м²,,
Санкт-Петербург,Санкт-Петербург,self_storage,https://www.avito.ru/sankt-peterburg/kommercheskaya_nedvizhimost/arenda_sklada_konteynera_2.5m_dlya_hraneniya_veschey_4227939466,"Аренда склада контейнера, 2.5м² для хранения вещей","Пискарёвский пр-т, 150",3600,,2.5 м²,,
Санкт-Петербург,Санкт-Петербург,self_storage,https://www.avito.ru/sankt-peterburg/kommercheskaya_nedvizhimost/arenda_kladovki_konteynera_3_m_dlya_hraneniya_veschey_8226872819,Аренда кладовки контейнера 3 м² для хранения вещей,"Полюстровский пр-т, 52",4000,,3 м²,,
Санкт-Петербург,Санкт-Петербург,self_storage,https://www.avito.ru/sankt-peterburg/kommercheskaya_nedvizhimost/arenda_sklada_konteynera_4_m_dlya_hraneniya_veschey_4292168825,"Аренда склада контейнера, 4 м² для хранения вещей","Полюстровский пр-т, 52",4000,,4 м²,,
Санкт-Петербург,Санкт-Петербург,self_storage,https://www.avito.ru/sankt-peterburg/kommercheskaya_nedvizhimost/kladovka_dlya_veschey_ot_25_m_8248826746,"Кладовка для вещей от 2,5 м²","Октябрьская наб., 108к3А",3500,,2.5 м²,,
Санкт-Петербург,Санкт-Петербург,self_storage,https://www.avito.ru/sankt-peterburg/kommercheskaya_nedvizhimost/arenda_sklada_konteynera_4m_dlya_hraneniya_veschey_4355763435,"Аренда склада контейнера, 4м² для хранения вещей","Пискарёвский пр-т, 150",4900,,4 м²,,
Санкт-Петербург,Санкт-Петербург,self_storage,https://www.avito.ru/sankt-peterburg/kommercheskaya_nedvizhimost/kladovka-konteyner_ot_25_m_parnas_8203326992,"Кладовка-контейнер, от 2,5 м² — Парнас","Придорожная аллея, 22",3500,,2.5 м²,,
Санкт-Петербург,Санкт-Петербург,self_storage,https://www.avito.ru/sankt-peterburg/kommercheskaya_nedvizhimost/kladovka_dlya_hraneniya_veschey_ot_1_m_v_pargolovo_8254374073,Кладовка для хранения вещей от 1 м² в Парголово,"Пос. Парголово, ул. Архитектора Белова, 6к3",1099,,1 м²,,
Санкт-Петербург,Санкт-Петербург,self_storage,https://www.avito.ru/sankt-peterburg/kommercheskaya_nedvizhimost/teplaya_kladovka_na_pulkovskom_dostup_247_chisto_7838405151,"Теплая кладовка на Пулковском, доступ 24/7, чисто","Пулковское ш., 14с6",1049,,,,
Санкт-Петербург,Санкт-Петербург,self_storage,https://www.avito.ru/sankt-peterburg/kommercheskaya_nedvizhimost/kladovka_dlya_shin_14_m_dlya_hraneniya_veschey_8229954629,"Кладовка для шин 14 м², для хранения вещей","1-й Верхний пер., 2",30100,,14 м²,,
Санкт-Петербург,Санкт-Петербург,self_storage,https://www.avito.ru/sankt-peterburg/kommercheskaya_nedvizhimost/sklad_3_m_8314670586,"Склад, 3 м²","Московское ш., 25к1В",3752,,3 м²,,
Санкт-Петербург,Санкт-Петербург,self_storage,https://www.avito.ru/sankt-peterburg/kommercheskaya_nedvizhimost/arenda_sklada_konteynera_3.5m_dlya_hraneniya_veschey_4324462954,"Аренда склада контейнера, 3.5м² для хранения вещей","Пр-т Культуры, 41к4",4000,,3.5 м²,,
Санкт-Петербург,Санкт-Петербург,self_storage,https://www.avito.ru/sankt-peterburg/kommercheskaya_nedvizhimost/sklad_15_m_8270477766,"Склад, 15 м²","Московское ш., 25к1В",16470,,15 м²,,
Санкт-Петербург,Санкт-Петербург,self_storage,https://www.avito.ru/sankt-peterburg/kommercheskaya_nedvizhimost/arenda_sklada_konteynera_5m_dlya_hraneniya_veschey_4228016971,"Аренда склада контейнера, 5м² для хранения вещей","Пискарёвский пр-т, 150",5500,,5 м²,,
Санкт-Петербург,Санкт-Петербург,self_storage,https://www.avito.ru/sankt-peterburg/kommercheskaya_nedvizhimost/arenda_sklada_konteynera_5_m_dlya_hraneniya_veschey_1988167107,"Аренда склада контейнера, 5 м² для хранения вещей","Полюстровский пр-т, 52",6000,,5 м²,,
Санкт-Петербург,Санкт-Петербург,self_storage,https://www.avito.ru/sankt-peterburg/kommercheskaya_nedvizhimost/sklad-boks_68_m_u_kad_7-y_predportovyy_proezd_3263151004,"Склад-бокс 6,8 м² у КАД 7-й Предпортовый проезд","7-й Предпортовый пр., 1А",6804,,6.8 м²,,
Санкт-Петербург,Санкт-Петербург,self_storage,https://www.avito.ru/sankt-peterburg/kommercheskaya_nedvizhimost/sklad_138_m_v_tsentre_u_pl._aleksandra_nevskogo_7933940104,"Склад 13,8 м² в центре у пл. Александра Невского","Тележная ул., 37",11610,,13.8 м²,,
Санкт-Петербург,Санкт-Петербург,self_storage,https://www.avito.ru/sankt-peterburg/kommercheskaya_nedvizhimost/arenda_sklada_konteynera_dlya_hraneniya_veschey_15_m_1892177370,"Аренда склада контейнера для хранения вещей, 15 м²","Софийская ул., 56к2",10800,,15 м²,,
Санкт-Петербург,Санкт-Петербург,self_storage,https://www.avito.ru/sankt-peterburg/kommercheskaya_nedvizhimost/sklad_3_m_7790379353,"Склад, 3 м²","Московское ш., 25к1В",3752,,3 м²,,
Санкт-Петербург,Санкт-Петербург,self_storage,https://www.avito.ru/sankt-peterburg/kommercheskaya_nedvizhimost/sklad_1.5_m_7950430684,"Склад, 1.5 м²","Лиговский пр-т, 246к4",1876,,1.5 м²,,
Санкт-Петербург,Санкт-Петербург,self_storage,https://www.avito.ru/sankt-peterburg/kommercheskaya_nedvizhimost/sklad-konteyner_138_m_piskarevskiy_zaezd_s_kad_3135386037,"Склад-контейнер 13,8 м² Пискарёвский, заезд с КАД","Пискарёвский пр-т, 150",10620,,13.8 м²,,
Санкт-Петербург,Санкт-Петербург,self_storage,https://www.avito.ru/sankt-peterburg/kommercheskaya_nedvizhimost/arenda_sklada_konteynera_4_m_dlya_hraneniya_veschey_1892902624,"Аренда склада контейнера, 4 м² для хранения вещей","Полюстровский пр-т, 52",5300,,4 м²,,
Санкт-Петербург,Санкт-Петербург,self_storage,https://www.avito.ru/sankt-peterburg/kommercheskaya_nedvizhimost/teplyy_sklad_31_m_dlya_veschey_dostup_247_ohrana_8293899131,"Теплый склад 3,1 м² для вещей, доступ 24/7 охрана","1-й Верхний пер., 2",9610,,3.1 м²,,
Санкт-Петербург,Санкт-Петербург,self_storage,https://www.avito.ru/sankt-peterburg/kommercheskaya_nedvizhimost/sklad_8_m_8045977715,"Склад, 8 м²","Евпаторийский пер., 7",12200,,8 м²,,
Санкт-Петербург,Санкт-Петербург,self_storage,https://www.avito.ru/sankt-peterburg/kommercheskaya_nedvizhimost/sklad-konteyner_282_m_u_ruchevskoy_ddlya_biznesa_7422663478,"Склад-контейнер 28,2 м² у Ручьевской д/для бизнеса","Ручьёвская дорога, 100",16000,,28.2 м²,,
Санкт-Петербург,Санкт-Петербург,self_storage,https://www.avito.ru/sankt-peterburg/kommercheskaya_nedvizhimost/sklad_25_m_8046373561,"Склад, 25 м²","Лиговский пр-т, 246к4",27450,,25 м²,,
Санкт-Петербург,Санкт-Петербург,self_storage,https://www.avito.ru/sankt-peterburg/kommercheskaya_nedvizhimost/sklad_8_m_8270098344,"Склад, 8 м²","Пр-т Сизова, 2",13420,,8 м²,,
Калининград,Калининградская область,warehouse_rental,https://www.avito.ru/kaliningrad/kommercheskaya_nedvizhimost/sklad_8326991822,Склад,"Пос. Поддубное (Новомосковское сельское поселение), Лесная ул., 1",200,,,,
Калининград,Калининградская область,warehouse_rental,https://www.avito.ru/kaliningrad/kommercheskaya_nedvizhimost/pomeschenie_pod_proizvodstvo_ili_sklad_95_m_8317914099,Помещение под производство или склад 95 м²,"Вагоностроительная ул., 49к12",26600,,95 м²,,
Нижний Новгород,Нижегородская область,self_storage,https://www.avito.ru/nizhniy_novgorod/kommercheskaya_nedvizhimost/arenda_sklad._kladovka._3.65_-_7.84m_7756174256,Аренда склад. Кладовка. 3.65 - 7.84м²,"Посёлок Парышево, Зеленхозовская ул., 4Ак10",3000,,3.65–7.84 м²,,
Нижний Новгород,Нижегородская область,self_storage,https://www.avito.ru/nizhniy_novgorod/kommercheskaya_nedvizhimost/sklad_1_m_3572631475,"Склад, 1 м²","Посёлок Черепичный, 14А-А32",300,,1 м²,,
Нижний Новгород,Нижегородская область,warehouse_rental,https://www.avito.ru/nizhniy_novgorod/kommercheskaya_nedvizhimost/tsokolnyy_etazh_pod_torgovlyu_sklad_ili_ofis_7354552178,"Цокольный этаж: под торговлю, склад или офис","Ул. Коминтерна, 121",,,,,
Нижний Новгород,Нижегородская область,warehouse_rental,https://www.avito.ru/nizhniy_novgorod/kommercheskaya_nedvizhimost/sklad_4300_m_7952329805,"Склад, 4300 м²","Дзержинск, Московское шоссе, 391-й километр, 40к3",129000,,4300 м²,,
Нижний Новгород,Нижегородская область,warehouse_rental,https://www.avito.ru/nizhniy_novgorod/kommercheskaya_nedvizhimost/teplyy_sklad_3000_m2_8065217018,Теплый склад 3000 м2,"Сельский пос. Берёзовая Пойма, ул. Механизаторов, 3А",1650000,,3000 м²,,
Нижний Новгород,Нижегородская область,warehouse_rental,https://www.avito.ru/nizhniy_novgorod/kommercheskaya_nedvizhimost/sovremennyy_teplyy_sklad_3000m2_8065399204,Современный теплый склад 3000м2,"Сельский пос. Берёзовая Пойма, ул. Механизаторов, 3А",1650000,,3000 м²,,
Нижний Новгород,Нижегородская область,warehouse_rental,https://www.avito.ru/nizhniy_novgorod/kommercheskaya_nedvizhimost/arenda_sovremennogo_teplogo_sklada_3800_m_v_nizhnem_novgorode_8129380488,Аренда современного тёплого склада 3800 М² В нижнем новгороде,"Ул. Зайцева, 31",2280000,,3800 м²,,
Нижний Новгород,Нижегородская область,warehouse_rental,https://www.avito.ru/nizhniy_novgorod/kommercheskaya_nedvizhimost/sovremennyy_teplyy_skladskoy_kompleks_14000m_8065566710,Современный теплый складской комплекс 14000м²,"Сельский пос. Берёзовая Пойма, ул. Механизаторов, 3А",4949980,,14000 м²,,
Казань,Республика Татарстан,warehouse_rental,https://www.avito.ru/kazan/kommercheskaya_nedvizhimost/sklad_v_arenduskladskie_i_proizvodstvennye_pomesche_7516051446,"Склад в аренду,складские и производственные помеще","Квартал 301, 571с4",,,,,
Казань,Республика Татарстан,self_storage,https://www.avito.ru/kazan/kommercheskaya_nedvizhimost/arenda_lichnogo_sklada_ul._stadionnaya_dostup_24-7_8415839537,Аренда личного склада ул. Стадионная Доступ 24-7,"Стадионная ул., 1",1859,,,,
Казань,Республика Татарстан,self_storage,https://www.avito.ru/kazan/kommercheskaya_nedvizhimost/arenda_skladakladovki_8158472620,Аренда склада/кладовки,"Щербаковский пер., 7",1500,,,,
Казань,Республика Татарстан,warehouse_rental,https://www.avito.ru/kazan/kommercheskaya_nedvizhimost/sklad_8393093883,Склад,"Промышленная зона Эстачи, 12/6",245000,,,,
Казань,Республика Татарстан,self_storage,https://www.avito.ru/kazan/kommercheskaya_nedvizhimost/arenda_skladakladovki_8158359645,Аренда склада/кладовки,"Ул. Восстания, 100к4221",1500,,,,
Казань,Республика Татарстан,warehouse_rental,https://www.avito.ru/kazan/kommercheskaya_nedvizhimost/arenda_proizvodstvenno-skladskih_ploschadey_na_ohranyaemoy_baze_rovnyy_pol_mnogo_elektrichestva_8349243065,"Аренда производственно-складских площадей на охраняемой базе (ровный пол, много электричества)","Ул. Владимира Кулагина, 23",,,,,
Казань,Республика Татарстан,warehouse_rental,https://www.avito.ru/kazan/kommercheskaya_nedvizhimost/sklad_220_m_8168658505,"Склад, 220 м²","Пр. Эшчелэр, 20А",142780,,220 м²,,
Казань,Республика Татарстан,self_storage,https://www.avito.ru/kazan/kommercheskaya_nedvizhimost/sklad_28_m_3211565567,"Склад, 28 м²","Южно-Промышленная ул., 7",10000,,28 м²,,
Казань,Республика Татарстан,warehouse_rental,https://www.avito.ru/kazan/kommercheskaya_nedvizhimost/sdam_skladskoe_pomeschenie_408_m_8324397300,"Сдам складское помещение, 408 м²","Ул. Владимира Кулагина, 5",285600,,408 м²,,
Казань,Республика Татарстан,warehouse_rental,https://www.avito.ru/kazan/kommercheskaya_nedvizhimost/arenda_40-futovogo_konteynera_8270760957,Аренда 40-футового контейнера,"Тихорецкая ул., 7Е",15000,,,,
Казань,Республика Татарстан,warehouse_rental,https://www.avito.ru/kazan/kommercheskaya_nedvizhimost/pomeschenie_pod_sklad_2299_m_7665482911,"Помещение под склад, 2299 м²","2-я Тихорецкая ул., 39",1839200,,2299 м²,,
Казань,Республика Татарстан,warehouse_rental,https://www.avito.ru/kazan/kommercheskaya_nedvizhimost/sklad_pod_fullfilment_i_ne_tolko_1440_m_8320491718,"Склад под фуллфилмент и не только, 1440 м²","Территория Промышленная Площадка Индустриальный Парк М-7 № 2, 12",936000,,1440 м²,,
Казань,Республика Татарстан,warehouse_rental,https://www.avito.ru/kazan/kommercheskaya_nedvizhimost/sdam_holodnyy_sklad_v_tsentre_8425685024,Сдам Холодный склад в центре,"Портовая ул., 27",45000,,,,
Казань,Республика Татарстан,warehouse_rental,https://www.avito.ru/kazan/kommercheskaya_nedvizhimost/ofis_antresol_i_sklad_230_m_s_razgruzkoy_8240107460,"Офис, антресоль и склад 230 м² с разгрузкой","Ул. Журналистов, 2А",287500,,230 м²,,
Казань,Республика Татарстан,warehouse_rental,https://www.avito.ru/kazan/kommercheskaya_nedvizhimost/sklad_1_100_m_4_c_ili_teplyy_vysota_10m_4_vorot_8367412674,Склад 1 100 М² / +4 C или теплый / высота 10м / 4 ворот,"Тульская ул., 58",80000,,100 м²,,
Казань,Республика Татарстан,warehouse_rental,https://www.avito.ru/kazan/kommercheskaya_nedvizhimost/sdam_v_arendu_300_m_pod_avtoservis_sklad_v_zhk_pobeda_8374411542,Сдам в аренду 300 м² под автосервис / Склад в ЖК «Победа»,"Пр-т Победы, 139Ак2",147000,,300 м²,,
Казань,Республика Татарстан,warehouse_rental,https://www.avito.ru/kazan/kommercheskaya_nedvizhimost/arenda_pod_skladproizvodstvo_1133-2400_m_u_trassy_m-7_8393066965,Аренда под Склад/Производство (1133-2400 м²) у трассы М-7,"Д. Старое Кощаково, Промпарковая ул., 12Б",566500,,1133–2400 м²,,
Казань,Республика Татарстан,warehouse_rental,https://www.avito.ru/kazan/kommercheskaya_nedvizhimost/sklady_s_pandusami_v_arendu_2000_m_-_3000_m_8373959603,Склады с пандусами в аренду (2000 м² - 3000 м²),"Территория Промышленная Площадка Индустриальный Парк М7, 2",1800000,,2000–3000 м²,,
Краснодар,Краснодарский край,warehouse_rental,https://www.avito.ru/krasnodar/kommercheskaya_nedvizhimost/sklad_v_krasnodare_dlya_hraneniya_shin_i_ne_tolko_8309102641,Склад в Краснодаре для хранения шин и не только,"Восточно-Кругликовская ул., 72",1500,,,,
Краснодар,Краснодарский край,self_storage,https://www.avito.ru/krasnodar/kommercheskaya_nedvizhimost/boks_sklad_v_krasnodare_po_skidke_i_s_ohranoy_8306694417,Бокс / склад в Краснодаре по скидке и с охраной,"Ставропольская ул., 96А",2000,,,,
Краснодар,Краснодарский край,self_storage,https://www.avito.ru/krasnodar/kommercheskaya_nedvizhimost/kladovaya_sklad_hranenie_6_m2_8198768312,Кладовая склад хранение 6 м2,"Карасунский внутригородской округ, жилой массив ТЭЦ, Рабочая ул., 29",5000,,6 м²,,
Краснодар,Краснодарский край,warehouse_rental,https://www.avito.ru/krasnodar/kommercheskaya_nedvizhimost/arenda_skladov_ot_sobstvennika._sklad_480_m_501789654,"Аренда складов от собственника. склад, 480 м²","Мкр-н имени Петра Метальникова, Тополиная ул., 23",250000,,480 м²,,
Краснодар,Краснодарский край,warehouse_rental,https://www.avito.ru/krasnodar/kommercheskaya_nedvizhimost/arenda_skladov_ot_sobstvennika._sklad_323_m_556569556,"Аренда складов от собственника. склад, 323 м²","Мкр-н Завод Радиоизмерительных Приборов, мкр-н Ростовское Шоссе",180000,,323 м²,,
Краснодар,Краснодарский край,self_storage,https://www.avito.ru/krasnodar/kommercheskaya_nedvizhimost/arenda_kladovki_8107969361,Аренда кладовки,"Ул. Тюляева, 4/1",2625,,,,
Краснодар,Краснодарский край,self_storage,https://www.avito.ru/krasnodar/kommercheskaya_nedvizhimost/sklad_boks_dlya_hraneniya_v_krasnodare_8247170555,Склад / бокс для хранения в Краснодаре,"Восточно-Кругликовская ул., 72",250,,,,
Краснодар,Краснодарский край,self_storage,https://www.avito.ru/krasnodar/kommercheskaya_nedvizhimost/arenda_kladovki_boksa_dlya_hraneniya_veschey_8130957661,"Аренда кладовки, бокса для хранения вещей","Российская ул., 267/3к1",2900,,,,
Краснодар,Краснодарский край,self_storage,https://www.avito.ru/krasnodar/kommercheskaya_nedvizhimost/sklad_boks_pod_hranenie_ot_1_kuba_v_krasnodare_8250989367,"Склад / Бокс под хранение, от 1 куба в Краснодаре","Ростовское ш., 30/7к5",250,,,,
Краснодар,Краснодарский край,self_storage,https://www.avito.ru/krasnodar/kommercheskaya_nedvizhimost/hranenie_veschey_na_teplom_sklade_s_ohranoy_247_8183462045,"Хранение вещей на теплом складе, с охраной, 24/7","Ростовское ш., 30/7к1",250,,,,
Краснодар,Краснодарский край,self_storage,https://www.avito.ru/krasnodar/kommercheskaya_nedvizhimost/sklad_boksy_v_krasnodare_s_ohranoy_247_8435728412,Склад / боксы в Краснодаре с охраной 24/7,"Ростовское ш., 30/7к1",1500,,,,
Краснодар,Краснодарский край,self_storage,https://www.avito.ru/krasnodar/kommercheskaya_nedvizhimost/kladovka_sklad_na_admiralteyskom_ohrana_247_8311437232,"Кладовка / Склад на Адмиралтейском, охрана 24/7","Адмиралтейский б-р, 3",900,,,,
Краснодар,Краснодарский край,self_storage,https://www.avito.ru/krasnodar/kommercheskaya_nedvizhimost/mini_sklad_-_kladovka_s_ohranoy_4_m_2085107010,"Мини Склад - кладовка с охраной, 4 м²","Станичная ул., 14",2000,,4 м²,,
Краснодар,Краснодарский край,self_storage,https://www.avito.ru/krasnodar/kommercheskaya_nedvizhimost/kladovaya_v_krasnodare_suho_i_chisto_ohrana_247_8381825494,"Кладовая в Краснодаре, сухо и чисто, охрана 24/7","Восточно-Кругликовская ул., 72",1380,,,,
Краснодар,Краснодарский край,warehouse_rental,https://www.avito.ru/krasnodar/kommercheskaya_nedvizhimost/arenda_sklada_7212211949,Аренда склада,"Ул. Тюляева, 4/1",3800,,,,
Краснодар,Краснодарский край,self_storage,https://www.avito.ru/krasnodar/kommercheskaya_nedvizhimost/kladovka_boks_hraneniya_3m_7802378179,"Кладовка, бокс хранения 3м²","Ул. имени Героя Георгия Бочарникова, 9А",4000,,3 м²,,
Краснодар,Краснодарский край,self_storage,https://www.avito.ru/krasnodar/kommercheskaya_nedvizhimost/kladovka_yacheyka_dlya_sezonnyh_veschey_i_ne_tolko_8376899449,Кладовка / Ячейка для сезонных вещей и не только,"Адмиралтейский б-р, 3",2160,,,,
Краснодар,Краснодарский край,warehouse_rental,https://www.avito.ru/krasnodar/kommercheskaya_nedvizhimost/sklad_144_m_proizvodstvo_sobstvennik_7754072960,Склад 144 м² / производство Собственник,"1-й Тихорецкий пр., 15",60480,,144 м²,,
Краснодар,Краснодарский край,warehouse_rental,https://www.avito.ru/krasnodar/kommercheskaya_nedvizhimost/sklad_150_m_7631255352,"Склад, 150 м²","Ростовское ш., 22/1",80000,,150 м²,,
Краснодар,Краснодарский край,self_storage,https://www.avito.ru/krasnodar/kommercheskaya_nedvizhimost/skladskaya_yacheyka_375_m2_na_ohranyaemoy_territorii_2001335081,"Складская ячейка 3,75 м2 на охраняемой территории","Прикубанский внутригородской округ, мкр-н имени Петра Метальникова, ул. Петра Метальникова, 6",4000,,3.75 м²,,
Краснодар,Краснодарский край,self_storage,https://www.avito.ru/krasnodar/kommercheskaya_nedvizhimost/sklad_1.5_m_3007755185,"Склад, 1.5 м²","Центральный внутригородской округ, мкр-н Дубинка, ул. Маяковского, 160В",2200,,1.5 м²,,
Краснодар,Краснодарский край,self_storage,https://www.avito.ru/krasnodar/kommercheskaya_nedvizhimost/sklad_arenda_30_m_2464362448,"Склад аренда, 30 м²","Мкр-н Завод Измерительных Приборов, Зиповская ул., 5",15000,,30 м²,,
Краснодар,Краснодарский край,self_storage,https://www.avito.ru/krasnodar/kommercheskaya_nedvizhimost/kladovaya_sklad_13_m2_8198688015,Кладовая склад 13 м2,"Ул. имени Евдокии Бершанской, 67",7000,,13 м²,,
Краснодар,Краснодарский край,self_storage,https://www.avito.ru/krasnodar/kommercheskaya_nedvizhimost/kladovka_8155223633,Кладовка,"Уральская ул., 129А",4000,,,,
Краснодар,Краснодарский край,self_storage,https://www.avito.ru/krasnodar/kommercheskaya_nedvizhimost/mini_sklad_kladovka_s_shirokoy_dveryu_4_m_4005191934,"Мини склад кладовка с широкой дверью, 4 м²","Пос. Дружелюбный, Железнодорожная ул., 17",2000,,4 м²,,
Краснодар,Краснодарский край,self_storage,https://www.avito.ru/krasnodar/kommercheskaya_nedvizhimost/skladskaya_yacheyka_375_m2_na_ohranyaemoy_territorii_1937642275,"Складская ячейка 3,75 м2 на охраняемой территории","Пос. Плодородный, 14/1",4000,,3.75 м²,,
Краснодар,Краснодарский край,warehouse_rental,https://www.avito.ru/krasnodar/kommercheskaya_nedvizhimost/sklad_sendvich_2700_kv.m_7417817304,Склад сендвич 2700 кв.м,"Ул. имени Демуса М.Н., 9/12",1755000,,2700 м²,,
Краснодар,Краснодарский край,warehouse_rental,https://www.avito.ru/krasnodar/kommercheskaya_nedvizhimost/gotovyy_sovremennyy_sklad_7328363356,Готовый современный склад,"Уральская ул., 79",,,,,
Краснодар,Краснодарский край,warehouse_rental,https://www.avito.ru/krasnodar/kommercheskaya_nedvizhimost/sdam_skladskoe_pomeschenie_4000_m_8295398295,"Сдам складское помещение, 4000 м²","Ул. Западный Обход, 36/1",4000000,,4000 м²,,
Краснодар,Краснодарский край,warehouse_rental,https://www.avito.ru/krasnodar/kommercheskaya_nedvizhimost/sdaetsya_stroyascheesya_skladskoe_pomeschenie_klassa_a_na_ulitse_demusa_v_gorode_krasnodare_7843476769,Сдаётся строящееся складское помещение класса А на улице Демуса в городе Краснодаре,"Ул. имени Демуса М.Н., 19Е",7800000,,,,
Краснодар,Краснодарский край,self_storage,https://www.avito.ru/krasnodar/kommercheskaya_nedvizhimost/sklad_14_m2_8197897426,Склад 14 м2,"1-й Тихорецкий пр., 19",9000,,14 м²,,
Краснодар,Краснодарский край,self_storage,https://www.avito.ru/krasnodar/kommercheskaya_nedvizhimost/arenda_teploy_kladovki_na_dushistaya_dostup_247_7870007981,"Аренда теплой кладовки на Душистая, доступ 24/7","Душистая ул., 77",840,,,,
Краснодар,Краснодарский край,self_storage,https://www.avito.ru/krasnodar/kommercheskaya_nedvizhimost/skladskaya_yacheyka_375_m2_na_ohranyaemoy_territorii_2577034926,"Складская ячейка 3,75 м2 на охраняемой территории","Московская ул., 83",4000,,3.75 м²,,
Краснодар,Краснодарский край,self_storage,https://www.avito.ru/krasnodar/kommercheskaya_nedvizhimost/arenda_boksa_v_krasnodare_8282085923,Аренда бокса в Краснодаре,"Ул. Тюляева, 4/3",2625,,,,
Краснодар,Краснодарский край,warehouse_rental,https://www.avito.ru/krasnodar/kommercheskaya_nedvizhimost/sdaetsya_kachestvennyy_uteplennyy_sklad_klassa_a_na_demusa_8305582740,"Сдается качественный утепленный склад ""класса А"" на Демуса",Восточная промышленная зона,3840000,,,,
Краснодар,Краснодарский край,warehouse_rental,https://www.avito.ru/krasnodar/kommercheskaya_nedvizhimost/skladskoy_kompleks_1200ofis_7735770659,Складской комплекс 1200+офис,"Пос. Дружелюбный, Железнодорожная ул., 2",550000,,,,
Краснодар,Краснодарский край,self_storage,https://www.avito.ru/krasnodar/kommercheskaya_nedvizhimost/kladovka_v_arendu_krasnodar_8262408403,Кладовка в аренду Краснодар,"Ул. Тюляева, 4/3",6330,,,,
Краснодар,Краснодарский край,warehouse_rental,https://www.avito.ru/krasnodar/kommercheskaya_nedvizhimost/arenda_sklada_8044189096,Аренда склада,"Ул. Тюляева, 4/1",6330,,,,
Краснодар,Краснодарский край,warehouse_rental,https://www.avito.ru/krasnodar/kommercheskaya_nedvizhimost/sklad_650_m_krasnodar_8311436413,"Склад, 650 м² Краснодар","Хутор Октябрьский, Живописная ул., 72с15",25000,,650 м²,,
Краснодар,Краснодарский край,warehouse_rental,https://www.avito.ru/krasnodar/kommercheskaya_nedvizhimost/sklad_132_m_7270338948,"Склад, 132 м²","1-й Тихорецкий пр., 19",79200,,132 м²,,
Краснодар,Краснодарский край,self_storage,https://www.avito.ru/krasnodar/kommercheskaya_nedvizhimost/lichnaya_kladovka_dlya_hraneniya_veschey_8219482863,Личная кладовка для хранения вещей,"Ул. Тюляева, 4/3",3800,,,,
Краснодар,Краснодарский край,self_storage,https://www.avito.ru/krasnodar/kommercheskaya_nedvizhimost/teplaya_kladovka_v_arendu_muzykalnyy_rayon_ot_1_m_7838186365,Тёплая кладовка в аренду Музыкальный район от 1 м²,"Прикубанский внутригородской округ, Музыкальный мкр-н, ул. имени Сергея Есенина, 121",599,,1 м²,,
Краснодар,Краснодарский край,self_storage,https://www.avito.ru/krasnodar/kommercheskaya_nedvizhimost/skladskaya_yacheyka_375_m2_na_ohranyaemoy_territorii_2736919809,"Складская ячейка 3,75 м2 на охраняемой территории","Отделение № 2 Агрофирмы Солнечная, 19",4000,,3.75 м²,,
Краснодар,Краснодарский край,self_storage,https://www.avito.ru/krasnodar/kommercheskaya_nedvizhimost/ohranyaemaya_kladovka_dlya_lichnyh_veschey_7991632574,Охраняемая кладовка для личных вещей,"Ставропольская ул., 96А",2000,,,,
Санкт-Петербург,Санкт-Петербург,self_storage,https://www.avito.ru/sankt-peterburg/kommercheskaya_nedvizhimost/kladovki_na_polyustrovskom_prospekte_8222684259,Кладовки на Полюстровском проспекте,"Полюстровский пр-т, 52к2",4400,,,,
Санкт-Петербург,Санкт-Петербург,self_storage,https://www.avito.ru/sankt-peterburg/kommercheskaya_nedvizhimost/kladovka-sklad-boks_ot_1.5_m_7242436761,Кладовка-склад-бокс от 1.5 м²,"Туристская ул., 30к2",1500,,1.5 м²,,
Санкт-Петербург,Санкт-Петербург,self_storage,https://www.avito.ru/sankt-peterburg/kommercheskaya_nedvizhimost/arenda_kladovki_arenda_sklada_8272846819,Аренда кладовки / Аренда склада,"Камчатская ул., 19",3000,,,,
Санкт-Петербург,Санкт-Петербург,self_storage,https://www.avito.ru/sankt-peterburg/kommercheskaya_nedvizhimost/arenda_kladovoy_m_7716469017,Аренда кладовой м²,"Измайловский б-р, 1к2",7000,,,,
Санкт-Петербург,Санкт-Петербург,self_storage,https://www.avito.ru/sankt-peterburg/kommercheskaya_nedvizhimost/arenda_kladovki_-_sklada_ot_27_m_-_30_m_shushary_4019279850,"Аренда кладовки - склада от 2,7 м² - 30 м² Шушары","Пос. Шушары, Школьная ул., 120Б",2600,,2.7–30 м²,,
Санкт-Петербург,Санкт-Петербург,self_storage,https://www.avito.ru/sankt-peterburg/kommercheskaya_nedvizhimost/sdam_kladovku_35_m_v_yuntolovo_7927144169,"Сдам кладовку 3,5 м² в Юнтолово","Лахтинский пр-т, 2к3",2990,,3.5 м²,,
Санкт-Петербург,Санкт-Петербург,warehouse_rental,https://www.avito.ru/sankt-peterburg/kommercheskaya_nedvizhimost/arenda_sklada_u_m._ligovskiy_8126683002,Аренда склада у м. Лиговский,"Лиговский пр-т, 60-62",5000,,,,
Санкт-Петербург,Санкт-Петербург,self_storage,https://www.avito.ru/sankt-peterburg/kommercheskaya_nedvizhimost/sklad_kladovka_3.5_m_8212208782,"Склад, кладовка 3.5 м²","Ул. Кржижановского, 8к4",2950,,3.5 м²,,
Санкт-Петербург,Санкт-Петербург,self_storage,https://www.avito.ru/sankt-peterburg/kommercheskaya_nedvizhimost/kladovka_264_m_u_m._pl._aleksandra_nevskogo_8126537305,"Кладовка 2,64 м² у м. Пл. Александра Невского","Тележная ул., 37",4500,,2.64 м²,,
Санкт-Петербург,Санкт-Петербург,self_storage,https://www.avito.ru/sankt-peterburg/kommercheskaya_nedvizhimost/kladovaya_3.5_m_7284964287,"Кладовая, 3.5 м²","Ул. Коммуны, 7",2950,,3.5 м²,,
Санкт-Петербург,Санкт-Петербург,self_storage,https://www.avito.ru/sankt-peterburg/kommercheskaya_nedvizhimost/arenda_sklada_15_kvm_arenda_kladovki_konteynera_8356821385,Аренда склада 15 квм Аренда кладовки контейнера,"Штурманская ул., 11У",11895,,15 м²,,
Санкт-Петербург,Санкт-Петербург,self_storage,https://www.avito.ru/sankt-peterburg/kommercheskaya_nedvizhimost/kladovki_na_novo-nikitinskoy_8222600908,Кладовки на Ново-Никитинской,"Ново-Никитинская ул., 3",4500,,,,
Санкт-Петербург,Санкт-Петербург,self_storage,https://www.avito.ru/sankt-peterburg/kommercheskaya_nedvizhimost/arenda_kladovok_3.5_m_7364388584,Аренда кладовок 3.5 м²,"Суздальское ш., 26к1",3300,,3.5 м²,,
Санкт-Петербург,Санкт-Петербург,self_storage,https://www.avito.ru/sankt-peterburg/kommercheskaya_nedvizhimost/arenda_kladovki_na_sofiyskoy_8093998059,Аренда кладовки на Софийской,"Софийская ул., 56к2",5000,,,,
Санкт-Петербург,Санкт-Петербург,self_storage,https://www.avito.ru/sankt-peterburg/kommercheskaya_nedvizhimost/mini-sklad_kladovka_3.5_m_ohrana_dostup_247_7348416674,"Мини-склад, кладовка, 3.5 м², охрана, доступ 24/7","Ул. Коммуны, 7",2950,,3.5 м²,,
Санкт-Петербург,Санкт-Петербург,self_storage,https://www.avito.ru/sankt-peterburg/kommercheskaya_nedvizhimost/sklad_kladovaya_20_m_8395691215,"Склад, Кладовая 20 м²","Софийская ул., 8к1с1",20000,,20 м²,,
Санкт-Петербург,Санкт-Петербург,self_storage,https://www.avito.ru/sankt-peterburg/kommercheskaya_nedvizhimost/arenda_sklada-konteynera_ot_2.5_m_do_15_m_7983921074,Аренда склада-контейнера от 2.5 м² до 15 м²,"Уманский пер., 80к4",3000,,2.5–15 м²,,
Санкт-Петербург,Санкт-Петербург,warehouse_rental,https://www.avito.ru/sankt-peterburg/kommercheskaya_nedvizhimost/arenda_sklada_na_oktyabrskoy_naberzhnoy_8126571545,Аренда склада на Октябрьской набержной,"Октябрьская наб., 12И",12000,,,,
Санкт-Петербург,Санкт-Петербург,self_storage,https://www.avito.ru/sankt-peterburg/kommercheskaya_nedvizhimost/kladovka_sklad_76_m3_8154547385,"Кладовка, склад, 7,6 м3","Пос. Парголово, Тихоокеанская ул., 1к1",3500,,,,
Санкт-Петербург,Санкт-Петербург,self_storage,https://www.avito.ru/sankt-peterburg/kommercheskaya_nedvizhimost/arenda_kladovki_u_m._moskovskaya_8093902979,Аренда кладовки у м. Московская,"Алтайская ул., 21",1000,,,,
Санкт-Петербург,Санкт-Петербург,self_storage,https://www.avito.ru/sankt-peterburg/kommercheskaya_nedvizhimost/sklad-konteyner_pod_hranenie_veschey_ot_2.5_do_15_m_8176531866,Склад-контейнер под хранение вещей от 2.5 до 15 м²,"Пос. Шушары, ул. Ленина, 5к2",3000,,2.5–15 м²,,
Санкт-Петербург,Санкт-Петербург,self_storage,https://www.avito.ru/sankt-peterburg/kommercheskaya_nedvizhimost/arenda_kladovki_arenda_sklada_ot_2.5_m_do_15_m_7344541030,Аренда кладовки / Аренда склада от 2.5 м² дo 15 м²,"Петергофское ш., 65Г",3000,,2.5–15 м²,,
Санкт-Петербург,Санкт-Петербург,self_storage,https://www.avito.ru/sankt-peterburg/kommercheskaya_nedvizhimost/teplye_kladovki_na_dolgoozernoy_8221902561,Тёплые кладовки на Долгоозёрной,"Долгоозёрная ул., 12",2500,,,,
Санкт-Петербург,Санкт-Петербург,self_storage,https://www.avito.ru/sankt-peterburg/kommercheskaya_nedvizhimost/arenda_sklada-konteynera_ot_2.5_m_do_15_m_7984820033,Аренда склада-контейнера от 2.5 м² до 15 м²,"Полюстровский пр-т, 26",3000,,2.5–15 м²,,
Санкт-Петербург,Санкт-Петербург,self_storage,https://www.avito.ru/sankt-peterburg/kommercheskaya_nedvizhimost/kladovka_3_m_primorskiy_rayon_7364293544,"Кладовка, 3 м² Приморский район","Автобусная ул., 6",3290,,3 м²,,
Санкт-Петербург,Санкт-Петербург,self_storage,https://www.avito.ru/sankt-peterburg/kommercheskaya_nedvizhimost/sklad-konteyner_pod_hranenie_veschey_4272705056,Склад-контейнер под хранение вещей,"Выборгское ш., 200АБ",5000,,,,
Санкт-Петербург,Санкт-Петербург,self_storage,https://www.avito.ru/sankt-peterburg/kommercheskaya_nedvizhimost/sklad-konteyner_pod_hranenie_veschey_8144441687,Склад-контейнер под хранение вещей,"Лиговский пр-т, 218",2500,,,,
Санкт-Петербург,Санкт-Петербург,warehouse_rental,https://www.avito.ru/sankt-peterburg/kommercheskaya_nedvizhimost/sklad_na_obuhovskoy_oborony_8222670596,Склад на Обуховской Обороны,"Пр-т Обуховской Обороны, 49К",9500,,,,
Санкт-Петербург,Санкт-Петербург,self_storage,https://www.avito.ru/sankt-peterburg/kommercheskaya_nedvizhimost/arenda_kladovoy_8172830299,Аренда кладовой,"Ул. Дыбенко, 7к4",2310,,,,
Санкт-Петербург,Санкт-Петербург,self_storage,https://www.avito.ru/sankt-peterburg/kommercheskaya_nedvizhimost/sklad_kladovka_7_m_7604097144,"Склад, кладовка 7 м²","Ул. Дыбенко, 28Б",4950,,7 м²,,
Санкт-Петербург,Санкт-Петербург,self_storage,https://www.avito.ru/sankt-peterburg/kommercheskaya_nedvizhimost/sklad-konteyner_pod_hranenie_veschey_4080762327,Склад-контейнер под хранение вещей,"Коломяжский пр-т, 10И",3500,,,,
Санкт-Петербург,Санкт-Петербург,self_storage,https://www.avito.ru/sankt-peterburg/kommercheskaya_nedvizhimost/arenda_sklada-konteynera_ot_2.5_m_do_15_m_8176796787,Аренда склада-контейнера от 2.5 м² до 15 м²,"Пос. Парголово, ул. Шишкина, 352",3000,,2.5–15 м²,,
Санкт-Петербург,Санкт-Петербург,self_storage,https://www.avito.ru/sankt-peterburg/kommercheskaya_nedvizhimost/arenda_skladakladovki_8222425949,Аренда склада/кладовки,"Большой Смоленский пр-т, 17А",10500,,,,
Санкт-Петербург,Санкт-Петербург,self_storage,https://www.avito.ru/sankt-peterburg/kommercheskaya_nedvizhimost/arenda_sklada_pod_hranenie_veschey_8344795883,Аренда склада под хранение вещей,"Полевая Сабировская ул., 46Т",3000,,,,
Санкт-Петербург,Санкт-Петербург,self_storage,https://www.avito.ru/sankt-peterburg/kommercheskaya_nedvizhimost/kladovaya_8387540263,Кладовая,"Наб. Миклухо-Маклая, 3к1",1000,,,,
Санкт-Петербург,Санкт-Петербург,self_storage,https://www.avito.ru/sankt-peterburg/kommercheskaya_nedvizhimost/kladovaya_v_arendu_4_m_8256088583,"Кладовая в аренду, 4 м²","Ул. Руставели, 53",3500,,4 м²,,
Санкт-Петербург,Санкт-Петербург,self_storage,https://www.avito.ru/sankt-peterburg/kommercheskaya_nedvizhimost/arenda_sklada_ot_3.7_m_do_30_m_8144095137,Аренда Склада от 3.7 м² дo 30 м²,"Пискарёвский пр-т, 150к2Е",3000,,3.7–30 м²,,
Санкт-Петербург,Санкт-Петербург,self_storage,https://www.avito.ru/sankt-peterburg/kommercheskaya_nedvizhimost/kladovaya_2_m_8424984426,"Кладовая, 2 м²","Фермское ш., 20к1",3400,,2 м²,,
Санкт-Петербург,Санкт-Петербург,self_storage,https://www.avito.ru/sankt-peterburg/kommercheskaya_nedvizhimost/arenda_kladovoy_4_m_8256070866,"Аренда кладовой, 4 м²","Московское ш., 23к2",3490,,4 м²,,
Санкт-Петербург,Санкт-Петербург,self_storage,https://www.avito.ru/sankt-peterburg/kommercheskaya_nedvizhimost/kladovaya_2.6_m_2810406671,"Кладовая, 2.6 м²","Пос. Парголово, ул. Архитектора Белова, 6к3",4500,,2.6 м²,,
Санкт-Петербург,Санкт-Петербург,self_storage,https://www.avito.ru/sankt-peterburg/kommercheskaya_nedvizhimost/kladovaya_46_8286491527,"Кладовая 4,6","Лиговский пр-т, 244",4500,,,,
Санкт-Петербург,Санкт-Петербург,self_storage,https://www.avito.ru/sankt-peterburg/kommercheskaya_nedvizhimost/kladovaya_v_arendu_4_m_8256669132,"Кладовая в аренду, 4 м²","Чарушинская ул., 24к1",3500,,4 м²,,
Санкт-Петербург,Санкт-Петербург,self_storage,https://www.avito.ru/sankt-peterburg/kommercheskaya_nedvizhimost/sdam_kladovuyu_v_shusharah_8511476803,Сдам кладовую в Шушарах,"Пос. Шушары, Новгородский пр-т, 2к3",2950,,,,
Санкт-Петербург,Санкт-Петербург,self_storage,https://www.avito.ru/sankt-peterburg/kommercheskaya_nedvizhimost/kladovaya_8416076826,Кладовая,"Петергофское ш., 84к19",4500,,,,
Санкт-Петербург,Санкт-Петербург,self_storage,https://www.avito.ru/sankt-peterburg/kommercheskaya_nedvizhimost/kladovaya_5.9_m_8346610665,"Кладовая, 5.9 м²","1-й Предпортовый пр., 1",6500,,5.9 м²,,
Санкт-Петербург,Санкт-Петербург,self_storage,https://www.avito.ru/sankt-peterburg/kommercheskaya_nedvizhimost/kladovaya_8339219881,Кладовая,"Волхонское ш., 5к1",3500,,,,
Санкт-Петербург,Санкт-Петербург,self_storage,https://www.avito.ru/sankt-peterburg/kommercheskaya_nedvizhimost/kladovaya_10_m_8314737118,"Кладовая, 10 м²","Лиговский пр-т, 52Б",10000,,10 м²,,
Санкт-Петербург,Санкт-Петербург,self_storage,https://www.avito.ru/sankt-peterburg/kommercheskaya_nedvizhimost/kladovaya_3.35_m_8289929198,"Кладовая, 3.35 м²","Пр-т Маршала Блюхера, 15",4400,,3.35 м²,,
Санкт-Петербург,Санкт-Петербург,self_storage,https://www.avito.ru/sankt-peterburg/kommercheskaya_nedvizhimost/kladovka78_-_teplyy_dom_dlya_vashih_veschey_7896302528,Кладовка78 - теплый дом для ваших вещей,"Алтайская ул., 21",1000,,,,
Санкт-Петербург,Санкт-Петербург,self_storage,https://www.avito.ru/sankt-peterburg/kommercheskaya_nedvizhimost/arenda_kladovki_pod_hranenie_veschey_4465228847,Аренда кладовки под хранение вещей,"Ул. Руднева, 22к2",700,,,,
Санкт-Петербург,Санкт-Петербург,self_storage,https://www.avito.ru/sankt-peterburg_peterhof/kommercheskaya_nedvizhimost/kladovka_sklad_boks_garazh_dlya_hraneniya_veschey_35m_8292044896,"Кладовка склад бокс гараж для хранения вещей 3,5м²",Петергоф,3500,,3.5 м²,,
Санкт-Петербург,Санкт-Петербург,self_storage,https://www.avito.ru/sankt-peterburg/kommercheskaya_nedvizhimost/kladovaya_8.5_m_8251414293,"Кладовая, 8.5 м²","Аптекарский пр-т, 5",19900,,8.5 м²,,
Санкт-Петербург,Санкт-Петербург,self_storage,https://www.avito.ru/sankt-peterburg/kommercheskaya_nedvizhimost/kladovki_v_arendu_8295428293,Кладовки в аренду,"Пос. Шушары, Старорусский пр-т, 1",4500,,,,
Санкт-Петербург,Санкт-Петербург,self_storage,https://www.avito.ru/sankt-peterburg/kommercheskaya_nedvizhimost/kladovka_1.5_m_7898246465,"Кладовка, 1.5 м²","Пос. Парголово, Тихоокеанская ул., 1к1",2500,,1.5 м²,,
Санкт-Петербург,Санкт-Петербург,self_storage,https://www.avito.ru/sankt-peterburg/kommercheskaya_nedvizhimost/arenda_kladovki_v_yuntolovo_3435126158,Аренда кладовки в Юнтолово,"Ул. 3-я Конная Лахта, 23Б",3500,,,,
Санкт-Петербург,Санкт-Петербург,self_storage,https://www.avito.ru/sankt-peterburg/kommercheskaya_nedvizhimost/kladovki_ryadom_s_domom_v_shusharah_-_ot_1_m_8178142106,Кладовки рядом с домом в Шушарах - От 1 м²,"Пос. Шушары, Старорусский пр-т, 8к2",950,,1 м²,,
Санкт-Петербург,Санкт-Петербург,self_storage,https://www.avito.ru/sankt-peterburg_pavlovsk/kommercheskaya_nedvizhimost/kladovka_7858578605,Кладовка,Павловск,4000,,,,
Санкт-Петербург,Санкт-Петербург,self_storage,https://www.avito.ru/sankt-peterburg/kommercheskaya_nedvizhimost/kladovaya_5_m_8252439859,"Кладовая, 5 м²","Пос. Парголово, Тихоокеанская ул., 1к1",6000,,5 м²,,
Санкт-Петербург,Санкт-Петербург,self_storage,https://www.avito.ru/sankt-peterburg/kommercheskaya_nedvizhimost/arenda_kladovoy_35_m_sklad_dlya_veschey_8215518919,"Аренда кладовой 3,5 м² / Склад для вещей","Коннолахтинский пр-т, 2",2990,,3.5 м²,,
Санкт-Петербург,Санкт-Петербург,self_storage,https://www.avito.ru/sankt-peterburg/kommercheskaya_nedvizhimost/kladovaya_8245386493,Кладовая,"Приморский пр-т, 52к1",10000,,,,
Санкт-Петербург,Санкт-Петербург,self_storage,https://www.avito.ru/sankt-peterburg/kommercheskaya_nedvizhimost/arenda_sklada-kladovoy_15_m_8288092941,"Аренда склада-кладовой, 15 м²","Пос. Шушары, территория Ленсоветовский, 25",6500,,15 м²,,
Санкт-Петербург,Санкт-Петербург,self_storage,https://www.avito.ru/sankt-peterburg/kommercheskaya_nedvizhimost/arenda_teploy_kladovki_dlya_veschey_1h1h2m_8078116845,"Аренда теплой кладовки для вещей, 1х1х2м","Пр-т Героев, 26к4",1750,,,,
Санкт-Петербург,Санкт-Петербург,self_storage,https://www.avito.ru/sankt-peterburg/kommercheskaya_nedvizhimost/kladovaya_8305976215,Кладовая,"Пр-т Маршала Блюхера, 15",6000,,,,
Санкт-Петербург,Санкт-Петербург,self_storage,https://www.avito.ru/sankt-peterburg/kommercheskaya_nedvizhimost/kladovayakladovka_zhk_nahimov_8239485654,"Кладовая/кладовка, ЖК ""Нахимов""","Б-р Александра Грина, 2к2",7000,,,,
Санкт-Петербург,Санкт-Петербург,self_storage,https://www.avito.ru/sankt-peterburg/kommercheskaya_nedvizhimost/arenda_sklada-kladovoy_4_m_8320100252,"Аренда склада-кладовой, 4 м²","Пос. Шушары, Московское ш., 14",3500,,4 м²,,
Санкт-Петербург,Санкт-Петербург,self_storage,https://www.avito.ru/sankt-peterburg/kommercheskaya_nedvizhimost/skladkladovkakladovaya_7558381140,"Склад,кладовка,кладовая","Гаванская ул., 47",4600,,,,
Санкт-Петербург,Санкт-Петербург,warehouse_rental,https://www.avito.ru/sankt-peterburg/kommercheskaya_nedvizhimost/kladovaya_51.4_m_8307462838,"Кладовая, 51.4 м²","Ново-Никитинская ул., 3Д",40000,,51.4 м²,,
Санкт-Петербург,Санкт-Петербург,self_storage,https://www.avito.ru/sankt-peterburg/kommercheskaya_nedvizhimost/teplye_kladovki_1.5_m_4516604426,Теплые Кладовки 1.5 м²,"Верхне-Каменская ул., 11к1",3290,,1.5 м²,,
Санкт-Петербург,Санкт-Петербург,self_storage,https://www.avito.ru/sankt-peterburg/kommercheskaya_nedvizhimost/kladovaya_8335503369,Кладовая,"Ул. Васи Алексеева, 20/24",3900,,,,
Санкт-Петербург,Санкт-Петербург,self_storage,https://www.avito.ru/sankt-peterburg/kommercheskaya_nedvizhimost/kladovka_zhk_dvortsovyy_fasad_7593988039,Кладовка ЖК Дворцовый Фасад,"Пос. Стрельна, пр-т Будённого, 20к1",4500,,,,
Санкт-Петербург,Санкт-Петербург,self_storage,https://www.avito.ru/sankt-peterburg/kommercheskaya_nedvizhimost/kladovaya_8419214321,Кладовая,"Наб. Обводного канала, 169",9500,,,,
Санкт-Петербург,Санкт-Петербург,self_storage,https://www.avito.ru/sankt-peterburg/kommercheskaya_nedvizhimost/kladovka_dlya_hraneniya_veschey_8341751312,Кладовка для хранения вещей,"Пр-т Маршала Блюхера, 15",8500,,,,
Санкт-Петербург,Санкт-Петербург,self_storage,https://www.avito.ru/sankt-peterburg/kommercheskaya_nedvizhimost/kladovka_4_m_v_arendu_7520578920,Кладовка 4 м² в аренду,"Коломяжский пр-т, 10",4629,,4 м²,,
Санкт-Петербург,Санкт-Петербург,self_storage,https://www.avito.ru/sankt-peterburg/kommercheskaya_nedvizhimost/sklad_6.5_m_4152283484,"Склад, 6.5 м²","Пр-т Ветеранов, 169к6",4500,,6.5 м²,,
Санкт-Петербург,Санкт-Петербург,self_storage,https://www.avito.ru/sankt-peterburg/kommercheskaya_nedvizhimost/kladovka_dlya_hraneniya_veschey_mini-sklad_35_m_7927736024,"Кладовка для хранения вещей / Мини-склад 3,5 м²","Ул. 1-я Конная Лахта, 12А",2990,,3.5 м²,,
Санкт-Петербург,Санкт-Петербург,self_storage,https://www.avito.ru/sankt-peterburg/kommercheskaya_nedvizhimost/kladovka_minisklad_yacheyka_konteyner_5_m_8345448101,"Кладовка, минисклад, ячейка, контейнер 5 м²","Пос. Шушары, 2-й Бадаевский пр., 10",5100,,5 м²,,
Санкт-Петербург,Санкт-Петербург,self_storage,https://www.avito.ru/sankt-peterburg/kommercheskaya_nedvizhimost/kladovaya_19.8_m_8407772541,"Кладовая, 19.8 м²","Менделеевская ул., 9",17820,,19.8 м²,,
Санкт-Петербург,Санкт-Петербург,self_storage,https://www.avito.ru/sankt-peterburg/kommercheskaya_nedvizhimost/kladovaya_8359707917,Кладовая,"Волхонское ш., 7",3500,,,,
Санкт-Петербург,Санкт-Петербург,warehouse_rental,https://www.avito.ru/sankt-peterburg/kommercheskaya_nedvizhimost/kladovaya_kladovki_sklad_550_m_8421543052,"Кладовая, Кладовки, Склад 550 м²","Индустриальный пр-т, 27",350000,,550 м²,,
Санкт-Петербург,Санкт-Петербург,self_storage,https://www.avito.ru/sankt-peterburg/kommercheskaya_nedvizhimost/arenda_kladovki_dlya_hraneniya_mebeli_pri_remonte_8062188029,Аренда кладовки для хранения мебели при ремонте,"Ковенский пер., 9",3950,,,,
Санкт-Петербург,Санкт-Петербург,self_storage,https://www.avito.ru/sankt-peterburg_krasnoye_selo/kommercheskaya_nedvizhimost/kladovayahraneniearhiv_17.8_m_-_247_8395442842,"Кладовая/хранение/архив, 17.8 м² - 24/7",Красное Село,7000,,17.8 м²,,
Санкт-Петербург,Санкт-Петербург,self_storage,https://www.avito.ru/sankt-peterburg/kommercheskaya_nedvizhimost/sklad_konteyner_kladovka_ot_2_m_do_30_m_7478298827,"Склад, Контейнер, Кладовка от 2 м² до 30 м²","Витебский пр-т, 109Е",3700,,2–30 м²,,
Санкт-Петербург,Санкт-Петербург,self_storage,https://www.avito.ru/sankt-peterburg/kommercheskaya_nedvizhimost/kladovaya_4_m_dlya_hraneniya_veschey_8384787208,Кладовая 4 м² для хранения вещей,"Московское ш., 25А",4700,,4 м²,,
Санкт-Петербург,Санкт-Петербург,self_storage,https://www.avito.ru/sankt-peterburg/kommercheskaya_nedvizhimost/sdam_kladovku_sklad_boks_garazh_-_8m_8295667817,Сдам кладовку склад бокс гараж - 8м²,"Морская наб., 28",6000,,8 м²,,
Санкт-Петербург,Санкт-Петербург,self_storage,https://www.avito.ru/sankt-peterburg/kommercheskaya_nedvizhimost/kladovki_ryadom_s_domom_v_shusharah_-_teplye_247_8311305480,Кладовки рядом с домом в Шушарах - тёплые 24/7,"Пос. Шушары, Старорусский пр-т, 8к1",750,,,,
Санкт-Петербург,Санкт-Петербург,self_storage,https://www.avito.ru/sankt-peterburg/kommercheskaya_nedvizhimost/kladovaya_4_m_8167647691,"Кладовая, 4 м²","Таллинское ш., 108",3500,,4 м²,,
Санкт-Петербург,Санкт-Петербург,self_storage,https://www.avito.ru/sankt-peterburg/kommercheskaya_nedvizhimost/kladovaya_5_m_8294168628,"Кладовая, 5 м²","Пос. Шушары, Соколиная ул., 5",10000,,5 м²,,
Санкт-Петербург,Санкт-Петербург,self_storage,https://www.avito.ru/sankt-peterburg/kommercheskaya_nedvizhimost/arenda_kladovki_v_krasnoselskom_r-ne_spb_1h1h1m_8078615556,"Аренда кладовки в Красносельском р-не СПб, 1х1х1м","Пр-т Героев, 26к4",1475,,,,
Санкт-Петербург,Санкт-Петербург,self_storage,https://www.avito.ru/sankt-peterburg/kommercheskaya_nedvizhimost/sklad_32_m_3848356933,"Склад, 32 м²","Суздальское ш., 10",20000,,32 м²,,
Санкт-Петербург,Санкт-Петербург,self_storage,https://www.avito.ru/sankt-peterburg/kommercheskaya_nedvizhimost/kladovka_dlya_hraneniya_veschey_3_m_4419095511,"Кладовка для хранения вещей, 3 м²","Малый пр-т Васильевского острова, 54к2",2249,,3 м²,,
Санкт-Петербург,Санкт-Петербург,self_storage,https://www.avito.ru/sankt-peterburg/kommercheskaya_nedvizhimost/sklad_3.7_m_7585790547,"Склад, 3.7 м²","Среднерогатская ул., 16к4",5750,,3.7 м²,,
Санкт-Петербург,Санкт-Петербург,self_storage,https://www.avito.ru/sankt-peterburg/kommercheskaya_nedvizhimost/kladovka_75_m_dlya_hraneniya_veschey_8384005898,"Кладовка 7,5 м² для хранения вещей","Фаянсовая ул., 24",5990,,7.5 м²,,
Санкт-Петербург,Санкт-Петербург,self_storage,https://www.avito.ru/sankt-peterburg/kommercheskaya_nedvizhimost/kladovka_13_m_4635218200,"Кладовка, 13 м²","Пос. Парголово, Тихоокеанская ул., 18к4",12000,,13 м²,,
Санкт-Петербург,Санкт-Петербург,self_storage,https://www.avito.ru/sankt-peterburg/kommercheskaya_nedvizhimost/kladovka_v_arendu_na_bolsheohtinskom_dostup_247_8254398421,"Кладовка в аренду на Большеохтинском, доступ 24/7","Большеохтинский пр-т, 15к3",1099,,,,
Санкт-Петербург,Санкт-Петербург,self_storage,https://www.avito.ru/sankt-peterburg/kommercheskaya_nedvizhimost/sklad_5.6_m_3239779459,"Склад, 5.6 м²","Суздальское ш., 18к3",6500,,5.6 м²,,
Санкт-Петербург,Санкт-Петербург,self_storage,https://www.avito.ru/sankt-peterburg/kommercheskaya_nedvizhimost/arenda_kladovki_arenda_sklada_8176567422,Аренда кладовки / Аренда Склада,"Ул. Салова, 56У",3000,,,,
Санкт-Петербург,Санкт-Петербург,self_storage,https://www.avito.ru/sankt-peterburg/kommercheskaya_nedvizhimost/kladovaya_35_m_dlya_hraneniya_veschey_8405932008,"Кладовая 3,5 м² для хранения вещей","Ул. 1-я Конная Лахта, 12А",2990,,3.5 м²,,
Санкт-Петербург,Санкт-Петербург,self_storage,https://www.avito.ru/sankt-peterburg/kommercheskaya_nedvizhimost/kladovka_3884942643,Кладовка,"Ул. Лидии Зверевой, 5к1",18650,,,,
Санкт-Петербург,Санкт-Петербург,self_storage,https://www.avito.ru/sankt-peterburg/kommercheskaya_nedvizhimost/sdam_kladovku_8355100955,Сдам кладовку,"Пулковское ш., 14с6",7000,,,,
Санкт-Петербург,Санкт-Петербург,self_storage,https://www.avito.ru/sankt-peterburg/kommercheskaya_nedvizhimost/arenda_sklad_kladovka_garazh_do_30_m_8244606712,Аренда Склад Кладовка Гараж до 30 м²,"Штурманская ул., 11У",16890,,30 м²,,
Санкт-Петербург,Санкт-Петербург,self_storage,https://www.avito.ru/sankt-peterburg/kommercheskaya_nedvizhimost/kladovka_kladovaya_sklad_5.2_m_7653932882,"Кладовка, кладовая, склад, 5.2 м²","Большой Сампсониевский пр-т, 69к1",9500,,5.2 м²,,
Санкт-Петербург,Санкт-Петербург,self_storage,https://www.avito.ru/sankt-peterburg/kommercheskaya_nedvizhimost/sklad_4.5_m_b.sampsonievskiy_69_7869370081,"Склад, 4.5 м² Б.Сампсониевский 69","Большой Сампсониевский пр-т, 69к5",10000,,4.5 м²,,
Санкт-Петербург,Санкт-Петербург,self_storage,https://www.avito.ru/sankt-peterburg/kommercheskaya_nedvizhimost/sklad_3.6_m_8089292083,"Склад, 3.6 м²","1-й Предпортовый пр., 1с1",4900,,3.6 м²,,
Санкт-Петербург,Санкт-Петербург,self_storage,https://www.avito.ru/sankt-peterburg/kommercheskaya_nedvizhimost/sklad_4.9_m_3464547643,"Склад, 4.9 м²","Большой Сампсониевский пр-т, 69к3",9000,,4.9 м²,,
Санкт-Петербург,Санкт-Петербург,self_storage,https://www.avito.ru/sankt-peterburg/kommercheskaya_nedvizhimost/kladovka_2064177991,Кладовка,"Пр-т Энгельса, 157",1850,,,,
Санкт-Петербург,Санкт-Петербург,self_storage,https://www.avito.ru/sankt-peterburg/kommercheskaya_nedvizhimost/sklad_6.4_m_3559864417,"Склад, 6.4 м²","Уральская ул., 21",5100,,6.4 м²,,
Санкт-Петербург,Санкт-Петербург,self_storage,https://www.avito.ru/sankt-peterburg/kommercheskaya_nedvizhimost/kladovaya_7_m_8305563082,"Кладовая, 7 м²","Смольный пр-т, 17",9990,,7 м²,,
Санкт-Петербург,Санкт-Петербург,self_storage,https://www.avito.ru/sankt-peterburg/kommercheskaya_nedvizhimost/kladovka_dlya_veschey_ot_25_m_8024721380,"Кладовка для вещей от 2,5 м²","Петергофское ш., 65Г",3500,,2.5 м²,,
Санкт-Петербург,Санкт-Петербург,self_storage,https://www.avito.ru/sankt-peterburg/kommercheskaya_nedvizhimost/arenda_kladovki_8172080025,Аренда кладовки,"Ул. Дыбенко, 7к4",2541,,,,
Санкт-Петербург,Санкт-Петербург,self_storage,https://www.avito.ru/sankt-peterburg/kommercheskaya_nedvizhimost/sklad_dlya_hraneniya_veschey_i_torgovyh_tovarov_8_m_2559086401,Склад для хранения вещей и торговых товаров 8 м²,"Бассейная ул., 38Р",3700,,8 м²,,
Калининград,Калининградская область,self_storage,https://www.avito.ru/kaliningrad/kommercheskaya_nedvizhimost/kladovka_ot_4.5_m_3547879114,"Кладовка, от 4.5 м²","Ул. Николая Карамзина, 55",4500,,4.5 м²,,
Калининград,Калининградская область,self_storage,https://www.avito.ru/kaliningrad/kommercheskaya_nedvizhimost/kladovka_kladovaya_dlya_hraneniya_veschey_8273735037,"Кладовка, кладовая для хранения вещей","Арсенальная ул., 29к2",3500,,,,
Калининград,Калининградская область,self_storage,https://www.avito.ru/kaliningrad/kommercheskaya_nedvizhimost/kladovaya_kladovka_na_dlya_hraneniya_veschey_8407660484,"Кладовая, кладовка на для хранения вещей","Ул. Старшины Дадаева, 55к2",3500,,,,
Калининград,Калининградская область,self_storage,https://www.avito.ru/kaliningrad/kommercheskaya_nedvizhimost/kladovka_kommercheskaya_nedvizhimost_7858654624,"Кладовка, коммерческая недвижимость","Интернациональная ул., 5",3100,,,,
Калининград,Калининградская область,self_storage,https://www.avito.ru/kaliningrad/kommercheskaya_nedvizhimost/vashi_veschi_v_teple_i_suhosti_kladovki_ot_105_kub_m_8335965536,"Ваши вещи в тепле и сухости Кладовки от 10,5 куб м","Киевская ул., 17А",8000,,,,
Калининград,Калининградская область,self_storage,https://www.avito.ru/kaliningrad/kommercheskaya_nedvizhimost/sklad_ot_4_m_hranenie_veschey_tovarov_3709465337,"Склад от 4 м² (Хранение вещей, товаров)","Ул. Александра Суворова, 135А",3200,,4 м²,,
Калининград,Калининградская область,warehouse_rental,https://www.avito.ru/kaliningrad/kommercheskaya_nedvizhimost/sklad_270.5_m_2142397111,"Склад, 270.5 м²","Ул. Александра Невского, 214",135000,,270.5 м²,,
Калининград,Калининградская область,warehouse_rental,https://www.avito.ru/kaliningrad/kommercheskaya_nedvizhimost/snimu_sklad_8461253336,Сниму склад,"Ул. Молочинского, 3",2000,,,,
Нижний Новгород,Нижегородская область,self_storage,https://www.avito.ru/nizhniy_novgorod/kommercheskaya_nedvizhimost/kladovaya_8_kv_m_8252802012,Кладовая 8 кв м,"Посёлок Черепичный, 14В",4500,,8 м²,,
Нижний Новгород,Нижегородская область,self_storage,https://www.avito.ru/nizhniy_novgorod/kommercheskaya_nedvizhimost/sklad_1_m_8040986432,"Склад, 1 м²","Д. Анкудиновка, Черкесская ул., 19",1190,,1 м²,,
Нижний Новгород,Нижегородская область,self_storage,https://www.avito.ru/nizhniy_novgorod/kommercheskaya_nedvizhimost/kladovka_v_arendu_8365382855,Кладовка в аренду,"Д. Афонино, Академическая ул., 20",6499,,,,
Нижний Новгород,Нижегородская область,self_storage,https://www.avito.ru/nizhniy_novgorod/kommercheskaya_nedvizhimost/kladovka_sklad_8356490622,Кладовка склад,"Ул. Родионова, 43",3500,,,,
Нижний Новгород,Нижегородская область,self_storage,https://www.avito.ru/nizhniy_novgorod/kommercheskaya_nedvizhimost/kladovka_v_arendu_v_tsentre_goroda_ot_1_m_8144554845,"Кладовка в аренду в центре города, от 1 м²","Нижегородская ул., 10",2400,,1 м²,,
Нижний Новгород,Нижегородская область,self_storage,https://www.avito.ru/nizhniy_novgorod/kommercheskaya_nedvizhimost/kladovaya_8344426092,Кладовая,"Дальняя ул., 10",7000,,,,
Нижний Новгород,Нижегородская область,self_storage,https://www.avito.ru/nizhniy_novgorod/kommercheskaya_nedvizhimost/kladovaya_6.5_m_8341665289,"Кладовая, 6.5 м²","Ул. Героя Советского Союза Аристархова, 9",6000,,6.5 м²,,
Нижний Новгород,Нижегородская область,self_storage,https://www.avito.ru/nizhniy_novgorod/kommercheskaya_nedvizhimost/sklad_kladovka_boks_v_tsentre_arenda_ot_1_m_8142601856,"Склад / кладовка / бокс в Центре, аренда от 1 м²","Нижегородская ул., 10",2400,,1 м²,,
Нижний Новгород,Нижегородская область,self_storage,https://www.avito.ru/nizhniy_novgorod/kommercheskaya_nedvizhimost/kladovaya_8385430661,Кладовая,"Комсомольское ш., 11",10000,,,,
Нижний Новгород,Нижегородская область,self_storage,https://www.avito.ru/nizhniy_novgorod/kommercheskaya_nedvizhimost/sklad_kladovka_siti_boks_v_tsentre_n.novgoroda_8144305719,Склад / кладовка / сити бокс в Центре Н.Новгорода,"Нижегородская ул., 10",4400,,,,
Нижний Новгород,Нижегородская область,self_storage,https://www.avito.ru/nizhniy_novgorod/kommercheskaya_nedvizhimost/arenda_skladakladovki_dlya_hraneniya_7507614462,Аренда склада/кладовки для хранения,"Ул. Академика Сахарова, 105",990,,,,
Нижний Новгород,Нижегородская область,self_storage,https://www.avito.ru/nizhniy_novgorod/kommercheskaya_nedvizhimost/kladovaya_30_m_arenda_8253500861,Кладовая 30 м² (Аренда),"Ул. Монастырка, 13лит1",13000,,30 м²,,
Нижний Новгород,Нижегородская область,self_storage,https://www.avito.ru/nizhniy_novgorod/kommercheskaya_nedvizhimost/teplye_kladovki_ot_1m_u_metro_strelka_8158854896,Теплые кладовки от 1м² у метро Стрелка,"Канавинский район, жилой район Мещерское Озеро, Мещерский б-р, 5",3295,,1 м²,,
Нижний Новгород,Нижегородская область,self_storage,https://www.avito.ru/nizhniy_novgorod/kommercheskaya_nedvizhimost/boks_1_m_7599737058,"Бокс, 1 м²","Ошарская ул., 14",1800,,1 м²,,
Нижний Новгород,Нижегородская область,self_storage,https://www.avito.ru/nizhniy_novgorod/kommercheskaya_nedvizhimost/sklad-konteynergarazhkladovka_7976250704,Склад-контейнер/гараж/кладовка,"Московское ш., 22А",8000,,,,
Нижний Новгород,Нижегородская область,self_storage,https://www.avito.ru/nizhniy_novgorod/kommercheskaya_nedvizhimost/yacheykikladovki_7.5_m_7332998462,"Ячейки,Кладовки 7.5 м²","Ул. Коминтерна, 31Б",6200,,7.5 м²,,
Нижний Новгород,Нижегородская область,self_storage,https://www.avito.ru/nizhniy_novgorod/kommercheskaya_nedvizhimost/arenda_kladovki_1510_m_u_m._avtozavodskaya_8158721054,"Аренда кладовки 1,5–10 м² у м. Автозаводская","Нижегородская обл., Нижний Новгород",2970,,1.5–10 м²,,
Нижний Новгород,Нижегородская область,warehouse_rental,https://www.avito.ru/nizhniy_novgorod/kommercheskaya_nedvizhimost/sklad_3821431413,Склад,"Нижегородская обл., Нижний Новгород",7992,,,,
Нижний Новгород,Нижегородская область,warehouse_rental,https://www.avito.ru/nizhniy_novgorod/kommercheskaya_nedvizhimost/arenda_sklada_8044337719,Аренда склада,"Нижегородская обл., Нижний Новгород",15240,,,,
Нижний Новгород,Нижегородская область,warehouse_rental,https://www.avito.ru/nizhniy_novgorod/kommercheskaya_nedvizhimost/arenda_sklada_7827446066,Аренда склада,"Нижегородская обл., Нижний Новгород",4182,,,,
Казань,Республика Татарстан,self_storage,https://www.avito.ru/kazan/kommercheskaya_nedvizhimost/arenda_sklada_dlya_hraneniya_veschey_iz_kladovki_2559781919,Аренда склада для хранения вещей из кладовки,"Ул. Халитова, 8",3550,,,,
Казань,Республика Татарстан,self_storage,https://www.avito.ru/kazan/kommercheskaya_nedvizhimost/kladovka_3_m_dlya_shin_veschey_instrumenta_tovara_8394908364,"Кладовка 3 м² для шин, вещей, инструмента, товара","Ул. Адоратского, 2А",3000,,3 м²,,
Казань,Республика Татарстан,self_storage,https://www.avito.ru/kazan/kommercheskaya_nedvizhimost/kladovaya_3_m_8288698084,Кладовая 3 м²,"Ул. Журналистов, 46Ак1",3000,,3 м²,,
Казань,Республика Татарстан,self_storage,https://www.avito.ru/kazan/kommercheskaya_nedvizhimost/kladovka_15_m_v_uteplennom_angare_dostup_247_8295353886,"Кладовка 1,5 м² в утеплённом ангаре, доступ 24/7","Поперечно-Ноксинская ул., 3к7",1800,,1.5 м²,,
Казань,Республика Татарстан,self_storage,https://www.avito.ru/kazan/kommercheskaya_nedvizhimost/kladovka_1.5_m_7624096798,Кладовка 1.5 м²,"Ул. Вишневского, 57",1500,,1.5 м²,,
Казань,Республика Татарстан,self_storage,https://www.avito.ru/kazan/kommercheskaya_nedvizhimost/kladovaya_sklad_8272826425,Кладовая склад,"Ул. Ярдем, 25",4000,,,,
Казань,Республика Татарстан,self_storage,https://www.avito.ru/kazan/kommercheskaya_nedvizhimost/pod_ofis_kladovuyu_iili_yuridicheskiy_adres_8199240461,"Под офис, кладовую и/или юридический адрес","Ул. Гарифьянова, 28А",5000,,,,
Казань,Республика Татарстан,warehouse_rental,https://www.avito.ru/kazan/kommercheskaya_nedvizhimost/sdaetsya_teploe_proizvodstvennoe_pomescheniesklad_s_kran_balkoy_8262678162,Сдается теплое производственное помещение/склад с кран балкой,"Техническая ул., 52",324000,,,,
Казань,Республика Татарстан,warehouse_rental,https://www.avito.ru/kazan/kommercheskaya_nedvizhimost/proizvodstvo_sklad_s_vorotami_200_m_8392841989,"Производство, склад с воротами 200 м²","Тэцевская ул., 175к1",100000,,200 м²,,
Казань,Республика Татарстан,self_storage,https://www.avito.ru/kazan/kommercheskaya_nedvizhimost/repetitsionnaya_pod_muzykantov_tantsorov_s_kladovoy_8252561988,Репетиционная под музыкантов танцоров с кладовой,"Ул. Журналистов, 2А",11600,,,,
Казань,Республика Татарстан,warehouse_rental,https://www.avito.ru/kazan/kommercheskaya_nedvizhimost/arenda_sklada_4109231019,Аренда склада,"Ул. Адоратского, 2Б",7148,,,,
Казань,Республика Татарстан,warehouse_rental,https://www.avito.ru/kazan/kommercheskaya_nedvizhimost/garazh_sklad_avtoservis_pomeschenie_svobod._naznach_1938210358,"Гараж, Склад, Автосервис, Помещение свобод. назнач","Ул. Нурсултана Назарбаева, 12А",55000,,,,
Казань,Республика Татарстан,warehouse_rental,https://www.avito.ru/kazan/kommercheskaya_nedvizhimost/sklad_303_m_8270042244,"Склад, 303 м²","Ул. Журналистов, 54",106050,,303 м²,,
Казань,Республика Татарстан,warehouse_rental,https://www.avito.ru/kazan/kommercheskaya_nedvizhimost/ofis_sklad_tsentr_parkovka_60-480m_7758975253,"Офис, склад, центр, парковка 60-480м","Ул. Тази Гиззата, 26к1",75000,,,,
Казань,Республика Татарстан,self_storage,https://www.avito.ru/kazan/kommercheskaya_nedvizhimost/konteyner_20_futov_v_arendu_pod_sklad_15m2_7764076150,"Контейнер 20 футов в аренду под склад, 15м2","Ул. Сибирский Тракт, 59Б",6000,,15 м²,,
Казань,Республика Татарстан,warehouse_rental,https://www.avito.ru/kazan/kommercheskaya_nedvizhimost/sklad_s_pandusom_suhoy_potolki_8_m_500m2_8365106027,"Склад с пандусом, сухой, потолки 8 м, 500м2","Гвардейская ул., 54",250000,,500 м²,,
Краснодар,Краснодарский край,self_storage,https://www.avito.ru/krasnodar/kommercheskaya_nedvizhimost/kladovaya_sklad_8_m2_8166222543,Кладовая склад 8 м2,"Карасунский внутригородской округ, жилой массив ТЭЦ, Рабочая ул., 27",6000,,8 м²,,
Краснодар,Краснодарский край,self_storage,https://www.avito.ru/krasnodar/kommercheskaya_nedvizhimost/arenda_teploy_kladovki_dlya_veschey_v_krasnodare_8222411242,Аренда теплой кладовки для вещей в Краснодаре,"Ул. им. Героя Сарабеева В.И., 5к1",749,,,,
Краснодар,Краснодарский край,self_storage,https://www.avito.ru/krasnodar/kommercheskaya_nedvizhimost/arenda_kladovki_v_krasnodare_7852316293,Аренда кладовки в Краснодаре,"Мкр-н Центральный, ул. Янковского, 104",1800,,,,
Краснодар,Краснодарский край,self_storage,https://www.avito.ru/krasnodar/kommercheskaya_nedvizhimost/kladovoe_pomescheniekladovkasklad_8384455412,"Кладовое помещение,кладовка,склад","Жилой комплекс Зеленодар, ул. Садовое Кольцо, 9/1",2500,,,,
Краснодар,Краснодарский край,self_storage,https://www.avito.ru/krasnodar/kommercheskaya_nedvizhimost/kladovkakladovoe_pomescheniesklad_8374123628,"Кладовка,кладовое помещение,склад","Ростовское ш., 30/6",5300,,,,
Краснодар,Краснодарский край,self_storage,https://www.avito.ru/krasnodar/kommercheskaya_nedvizhimost/kladovka_v_krasnodare_pod_lichnye_veschi_ohrana_8273329370,"Кладовка в Краснодаре под личные вещи, охрана","Ростовское ш., 30/7к1",2000,,,,
Краснодар,Краснодарский край,self_storage,https://www.avito.ru/krasnodar/kommercheskaya_nedvizhimost/kladovka_sklad_v_krasnodare_po_skidke_8362087885,Кладовка / склад в Краснодаре по скидке,"Ростовское ш., 30/7к1",1500,,,,
Краснодар,Краснодарский край,self_storage,https://www.avito.ru/krasnodar/kommercheskaya_nedvizhimost/arenda_kladovki_7404778970,Аренда кладовки,"Прикубанский внутригородской округ, мкр-н Славянский, Заполярная ул., 37к1",1800,,,,
Краснодар,Краснодарский край,self_storage,https://www.avito.ru/krasnodar/kommercheskaya_nedvizhimost/kladovka_v_krasnodare_s_dostupom_247_8244779310,Кладовка в Краснодаре с доступом 24/7,"Ростовское ш., 30/7к1",2500,,,,
Краснодар,Краснодарский край,self_storage,https://www.avito.ru/krasnodar/kommercheskaya_nedvizhimost/suhaya_kladovka_ryadom_s_domom_v_krasnodare_8335339094,Сухая кладовка рядом с домом в Краснодаре,"Ростовское ш., 30/7к1",1500,,,,
Краснодар,Краснодарский край,self_storage,https://www.avito.ru/krasnodar/kommercheskaya_nedvizhimost/sklad_kladovka_raznyh_razmerov_na_bulgakova_8.k1_8222105457,Склад кладовка разных размеров на Булгакова 8.к1,"Ул. Григория Булгакова, 8к1",1300,,,,
Краснодар,Краснодарский край,self_storage,https://www.avito.ru/krasnodar/kommercheskaya_nedvizhimost/sklad_kladovka_7890897959,Склад кладовка,"Прикубанский внутригородской округ, Музыкальный мкр-н, ул. имени Мусоргского М.П., 17",7000,,,,
Краснодар,Краснодарский край,self_storage,https://www.avito.ru/krasnodar/kommercheskaya_nedvizhimost/kladovaya_sklad_yacheyka_dlya_hraneniya_8493210522,Кладовая / Склад / Ячейка для хранения,"Ул. им. Г.М. Концевича, 4",1625,,,,
Краснодар,Краснодарский край,warehouse_rental,https://www.avito.ru/krasnodar/kommercheskaya_nedvizhimost/sklad_v_krasnodare_obem_ot_1_kub.m_s_ohranoy_8314717781,"Склад в Краснодаре, объем от 1 куб.м с охраной","Ростовское ш., 30/6к1",250,,,,
Краснодар,Краснодарский край,self_storage,https://www.avito.ru/krasnodar/kommercheskaya_nedvizhimost/kladovaya_8416120040,Кладовая,"Ул. имени Героя Нурбагандова, 3к3",2500,,,,
Краснодар,Краснодарский край,self_storage,https://www.avito.ru/krasnodar/kommercheskaya_nedvizhimost/kladovka_sklad_pomeschenie_3479916631,"Кладовка, склад, помещение","Ул. Григория Булгакова, 10",1950,,,,
Краснодар,Краснодарский край,warehouse_rental,https://www.avito.ru/krasnodar/kommercheskaya_nedvizhimost/sklad_za_rubl_po_skidke_za_otzyv_8119273942,Склад за рубль по скидке за отзыв,"Ростовское ш., 30/7к1",1500,,,,
Краснодар,Краснодарский край,self_storage,https://www.avito.ru/krasnodar/kommercheskaya_nedvizhimost/kladovaya_3.5_m_8309596980,"Кладовая, 3.5 м²","Ул. имени Владимира Рунова, 2",3500,,3.5 м²,,
Краснодар,Краснодарский край,self_storage,https://www.avito.ru/krasnodar/kommercheskaya_nedvizhimost/sdam_kladovku_8329238563,Сдам кладовку,"Ул. имени Героя Дангириева, 4к1",3500,,,,
Краснодар,Краснодарский край,self_storage,https://www.avito.ru/krasnodar/kommercheskaya_nedvizhimost/kladovka_yacheyka_boks_ul._garazhnaya_87_8183888827,"Кладовка, ячейка, бокс ул. Гаражная 87","Гаражная ул., 87",600,,,,
Краснодар,Краснодарский край,self_storage,https://www.avito.ru/krasnodar/kommercheskaya_nedvizhimost/kladovka_sklad_225m_8313935874,"Кладовка, склад 2,25м²","Ул. имени Героя Георгия Бочарникова, 9А",3500,,2.25 м²,,
Краснодар,Краснодарский край,self_storage,https://www.avito.ru/krasnodar/kommercheskaya_nedvizhimost/kladovaya_8240015051,Кладовая,"Конгрессная ул., 43",5000,,,,
Краснодар,Краснодарский край,self_storage,https://www.avito.ru/krasnodar/kommercheskaya_nedvizhimost/sdayu_kladovku_8186767577,Сдаю кладовку,"Ул. Западный Обход, 38/1к3",2500,,,,
Краснодар,Краснодарский край,self_storage,https://www.avito.ru/krasnodar/kommercheskaya_nedvizhimost/arenda_kladovki_8354787362,Аренда кладовки,"Жилой комплекс Зеленодар, ул. Садовое Кольцо, 9",2000,,,,
Краснодар,Краснодарский край,warehouse_rental,https://www.avito.ru/krasnodar/kommercheskaya_nedvizhimost/sklad_dlya_lichnogo_hraneniya_v_krasnodare_8119555059,Склад для личного хранения в Краснодаре,"Восточно-Кругликовская ул., 72",250,,,,
Краснодар,Краснодарский край,self_storage,https://www.avito.ru/krasnodar/kommercheskaya_nedvizhimost/kladovaya_4m2_8232634936,Кладовая 4м2,"Российская ул., 267/3к3",4000,,4 м²,,
Краснодар,Краснодарский край,self_storage,https://www.avito.ru/krasnodar/kommercheskaya_nedvizhimost/kladovaya_10_m_8050195056,"Кладовая, 10 м²","Ул. Автолюбителей, 13Б",5000,,10 м²,,
Краснодар,Краснодарский край,self_storage,https://www.avito.ru/krasnodar/kommercheskaya_nedvizhimost/kladovaya_8418057930,Кладовая,"Ростовское ш., 30/7",7000,,,,
Краснодар,Краснодарский край,self_storage,https://www.avito.ru/krasnodar/kommercheskaya_nedvizhimost/kladovaya_7.4_m_8334628446,"Кладовая, 7.4 м²","Аксайская ул., 40/1",4250,,7.4 м²,,
Краснодар,Краснодарский край,self_storage,https://www.avito.ru/krasnodar/kommercheskaya_nedvizhimost/kladovaya_3_m_8327668927,"Кладовая, 3 м²","Жилой комплекс Зеленодар, ул. Садовое Кольцо, 11",3200,,3 м²,,
Краснодар,Краснодарский край,warehouse_rental,https://www.avito.ru/krasnodar/kommercheskaya_nedvizhimost/suhoy_i_chistyy_sklad_v_krasnodare_8311322136,Сухой и чистый склад в Краснодаре,"Адмиралтейский б-р, 3",900,,,,
Краснодар,Краснодарский край,self_storage,https://www.avito.ru/krasnodar/kommercheskaya_nedvizhimost/kladovka_8196096949,Кладовка,"Жилой комплекс Зеленодар, ул. Садовое Кольцо, 9",2500,,,,
Краснодар,Краснодарский край,self_storage,https://www.avito.ru/krasnodar/kommercheskaya_nedvizhimost/sklad_4.5_m_7557727544,"Склад, 4.5 м²","Ул. Западный Обход, 57",2000,,4.5 м²,,
Краснодар,Краснодарский край,self_storage,https://www.avito.ru/krasnodar/kommercheskaya_nedvizhimost/kladovaya_6.8_m_8416129700,"Кладовая, 6.8 м²","Ул. имени Владимира Рунова, 2",6000,,6.8 м²,,
Краснодар,Краснодарский край,self_storage,https://www.avito.ru/krasnodar/kommercheskaya_nedvizhimost/sklad_8_m_4332802963,"Склад, 8 м²","Ул. Западный Обход, 39/2к5",2000,,8 м²,,
Краснодар,Краснодарский край,self_storage,https://www.avito.ru/krasnodar/kommercheskaya_nedvizhimost/sklad-kladovka_4.7_m_arenda_ot_sobstvennika_8054280935,Склад-кладовка 4.7 м² аренда от собственника,"Ул. Лётчика Позднякова, 2к12",5000,,4.7 м²,,
Краснодар,Краснодарский край,self_storage,https://www.avito.ru/krasnodar/kommercheskaya_nedvizhimost/kladovaya_8261424138,Кладовая,"Ул. Пашковский Перекат, 10/1",,,,,
Краснодар,Краснодарский край,self_storage,https://www.avito.ru/krasnodar/kommercheskaya_nedvizhimost/kladovka_sklad_1y_etazh_yur._adres_7288192096,Кладовка / Склад / 1й этаж / Юр. адрес,"Московская ул., 160А",3800,,,,
Краснодар,Краснодарский край,self_storage,https://www.avito.ru/krasnodar/kommercheskaya_nedvizhimost/sdam_kladovku_v_zhk_patriki_8344493312,Сдам кладовку в ЖК «Патрики»,"Старокубанская ул., 122/7",5000,,,,
Краснодар,Краснодарский край,self_storage,https://www.avito.ru/krasnodar/kommercheskaya_nedvizhimost/kladovaya_yacheyka_boks_8355837671,"Кладовая, ячейка, бокс","Морская ул., 54А",4000,,,,
Краснодар,Краснодарский край,self_storage,https://www.avito.ru/krasnodar/kommercheskaya_nedvizhimost/arenda_kladovki_3007903800,Аренда кладовки,"Центральный внутригородской округ, мкр-н Дубинка, ул. Маяковского, 160В",3000,,,,
Краснодар,Краснодарский край,self_storage,https://www.avito.ru/krasnodar/kommercheskaya_nedvizhimost/kladovaya_v_zhkpatriki_-_suho_i_so_stellazhom_8357755496,Кладовая в жк«Патрики» - сухо и со стеллажом,"Старокубанская ул., 122/7",6000,,,,
Краснодар,Краснодарский край,warehouse_rental,https://www.avito.ru/krasnodar/kommercheskaya_nedvizhimost/sklad_120_m_8011850583,"Склад, 120 м²","Старокубанская ул., 2/15",750,,120 м²,,
Краснодар,Краснодарский край,self_storage,https://www.avito.ru/krasnodar/kommercheskaya_nedvizhimost/kladovka_garazh_mesto_hraneniya_2.5_m_4462845766,"Кладовка, гараж, место хранения 2.5 м²","Сормовская ул., 108/3",2000,,2.5 м²,,
Краснодар,Краснодарский край,warehouse_rental,https://www.avito.ru/krasnodar/kommercheskaya_nedvizhimost/sklad_7968626916,Склад,"Ул. Лётчика Позднякова, 2к25",3000,,,,
Краснодар,Краснодарский край,self_storage,https://www.avito.ru/krasnodar/kommercheskaya_nedvizhimost/kladovka_s_rozetkami_8335253369,Кладовка с розетками,"Ул. Западный Обход, 57к1",4500,,,,
Санкт-Петербург,Санкт-Петербург,self_storage,https://www.avito.ru/sankt-peterburg/kommercheskaya_nedvizhimost/sklad_30_m_7777563091,"Склад, 30 м²","Ул. Салова, 11",14900,,30 м²,,
Санкт-Петербург,Санкт-Петербург,self_storage,https://www.avito.ru/sankt-peterburg/kommercheskaya_nedvizhimost/sklad_konteyner_30_m_v_arendu_8320342733,Склад контейнер 30 м² в аренду,"Фаянсовая ул., 24",14610,,30 м²,,
Санкт-Петербург,Санкт-Петербург,self_storage,https://www.avito.ru/sankt-peterburg/kommercheskaya_nedvizhimost/miniskladboks_dlya_hraneniya_3.5_-_35_m_8029518239,"Минисклад/бокс для хранения, 3.5 - 35 м²","Ш. Революции, 69",4000,,3.5–35 м²,,
Санкт-Петербург,Санкт-Петербург,self_storage,https://www.avito.ru/sankt-peterburg/kommercheskaya_nedvizhimost/miniskladboks_dlya_hraneniya_3.5_m_7709829646,"Минисклад/бокс для хранения, 3.5 м²","Митрофаньевское ш., 22",4000,,3.5 м²,,
Санкт-Петербург,Санкт-Петербург,self_storage,https://www.avito.ru/sankt-peterburg/kommercheskaya_nedvizhimost/miniskladboks_dlya_hraneniya_15_m_7709729841,"Минисклад/Бокс для хранения, 15 м²","Митрофаньевское ш., 22",16000,,15 м²,,
Санкт-Петербург,Санкт-Петербург,self_storage,https://www.avito.ru/sankt-peterburg/kommercheskaya_nedvizhimost/mini-skladboks_dlya_hraneniya_15_m_8029883976,"Мини-склад/Бокс для хранения, 15 м²","Ш. Революции, 69",16000,,15 м²,,
Санкт-Петербург,Санкт-Петербург,self_storage,https://www.avito.ru/sankt-peterburg/kommercheskaya_nedvizhimost/sklad_3_m_1968682429,"Склад, 3 м²","Парашютная ул., 65",3990,,3 м²,,
Санкт-Петербург,Санкт-Петербург,self_storage,https://www.avito.ru/sankt-peterburg/kommercheskaya_nedvizhimost/sklad_3.5_m_7684237533,"Склад, 3.5 м²","Малая Митрофаньевская ул., 18",3300,,3.5 м²,,
Санкт-Петербург,Санкт-Петербург,self_storage,https://www.avito.ru/sankt-peterburg/kommercheskaya_nedvizhimost/arenda_konteynera_15_m_4677438458,Аренда контейнера 15 м²,"Торфяная дорога, 21",9990,,15 м²,,
Санкт-Петербург,Санкт-Петербург,self_storage,https://www.avito.ru/sankt-peterburg/kommercheskaya_nedvizhimost/konteyner_v_arendu_pod_sklad_28_m_8395215178,Контейнер в аренду под склад 28 м²,"2-й Верхний пер., 10",8400,,28 м²,,
Санкт-Петербург,Санкт-Петербург,self_storage,https://www.avito.ru/sankt-peterburg/kommercheskaya_nedvizhimost/sklad_5_m_8047606834,"Склад, 5 м²","Пр-т Энгельса, 157",2995,,5 м²,,
Санкт-Петербург,Санкт-Петербург,self_storage,https://www.avito.ru/sankt-peterburg/kommercheskaya_nedvizhimost/arenda_sklada_7.5_m_oformlenie_za_15_minut_4580868437,"Аренда склада, 7.5 м² — оформление за 15 минут","Малая Митрофаньевская ул., 18",6200,,7.5 м²,,
Санкт-Петербург,Санкт-Петербург,self_storage,https://www.avito.ru/sankt-peterburg/kommercheskaya_nedvizhimost/sklad_15_m_hranenie_veschey_4197083081,"Склад, 15 м² Хранение вещей","Митрофаньевское ш., 18",9900,,15 м²,,
Санкт-Петербург,Санкт-Петербург,self_storage,https://www.avito.ru/sankt-peterburg/kommercheskaya_nedvizhimost/sdaem_v_arendu_boks_dlya_hraneniya_7522406430,Сдаём в аренду бокс для хранения,"Ул. Доблести, 1В",2500,,,,
Санкт-Петербург,Санкт-Петербург,self_storage,https://www.avito.ru/sankt-peterburg/kommercheskaya_nedvizhimost/arenda_konteynera_3.5_m_8004404858,"Аренда контейнера, 3.5 м²","Октябрьская наб., 108к1АЕ",3290,,3.5 м²,,
Санкт-Петербург,Санкт-Петербург,self_storage,https://www.avito.ru/sankt-peterburg/kommercheskaya_nedvizhimost/sklad_dlya_hraneniya_veschey_ot_25_do_30_m_7964853271,"Склад для хранения вещей, от 2,5 до 30 м²","Пр-т Ветеранов, 167к7",3000,,2.5–30 м²,,
Санкт-Петербург,Санкт-Петербург,self_storage,https://www.avito.ru/sankt-peterburg/kommercheskaya_nedvizhimost/sklad_dlya_hraneniya_15_m_8264390924,"Склад для хранения, 15 м²","Малая Митрофаньевская ул., 18",9900,,15 м²,,
Санкт-Петербург,Санкт-Петербург,self_storage,https://www.avito.ru/sankt-peterburg/kommercheskaya_nedvizhimost/boks_dlya_hraneniya_v_arendu_3.5_m_2431038875,"Бокс для хранения в аренду, 3.5 м²","Партизанская ул., 23к2",4050,,3.5 м²,,
Санкт-Петербург,Санкт-Петербург,self_storage,https://www.avito.ru/sankt-peterburg/kommercheskaya_nedvizhimost/sklad_2.5_m_8180331620,"Склад, 2.5 м²","4-й Верхний пер., 3",1800,,2.5 м²,,
Санкт-Петербург,Санкт-Петербург,self_storage,https://www.avito.ru/sankt-peterburg/kommercheskaya_nedvizhimost/sklad_dlya_hraneniya_veschey_35_m_7588616325,"Склад для хранения вещей 3,5 м²","Малая Митрофаньевская ул., 18",3290,,3.5 м²,,
Санкт-Петербург,Санкт-Петербург,self_storage,https://www.avito.ru/sankt-peterburg/kommercheskaya_nedvizhimost/boksy_dlya_hraneniya_ot_25_do_30_m_8331201665,"Боксы для хранения от 2,5 до 30 м²","Планерная ул., 59",3000,,2.5–30 м²,,
Санкт-Петербург,Санкт-Петербург,self_storage,https://www.avito.ru/sankt-peterburg/kommercheskaya_nedvizhimost/sklad_5_kv.m_3559519286,Склад 5 кв.м,"Дорога на Турухтанные Острова, 4",4000,,5 м²,,
Санкт-Петербург,Санкт-Петербург,self_storage,https://www.avito.ru/sankt-peterburg/kommercheskaya_nedvizhimost/sklad_garazh_7_m_s_ohranoy_7604513340,"Склад, гараж 7 м² с охраной","Ул. Кржижановского, 8к4",4950,,7 м²,,
Санкт-Петербург,Санкт-Петербург,self_storage,https://www.avito.ru/sankt-peterburg/kommercheskaya_nedvizhimost/boksy_dlya_hraneniya_ot_25_do_30_m_8331203532,"Боксы для хранения от 2,5 до 30 м²","Коломяжский пр-т, 33",3000,,2.5–30 м²,,
Санкт-Петербург,Санкт-Петербург,warehouse_rental,https://www.avito.ru/sankt-peterburg/kommercheskaya_nedvizhimost/arenda_konteynera_sklad_garazh_hranenie_8071626373,Аренда контейнера/ Склад/ Гараж/ Хранение,"Ул. Руставели, 59",5900,,,,
Санкт-Петербург,Санкт-Петербург,self_storage,https://www.avito.ru/sankt-peterburg/kommercheskaya_nedvizhimost/sklad_15_m_arenda_na_salova_7300936252,Склад 15 м² аренда на Салова,"Ул. Салова, 56",9900,,15 м²,,
Санкт-Петербург,Санкт-Петербург,self_storage,https://www.avito.ru/sankt-peterburg/kommercheskaya_nedvizhimost/boks_dlya_hraneniya_veschey_75_m_8384054411,"Бокс для хранения вещей 7,5 м²","Торфяная дорога, 21",8400,,7.5 м²,,
Санкт-Петербург,Санкт-Петербург,self_storage,https://www.avito.ru/sankt-peterburg/kommercheskaya_nedvizhimost/kladovka_dlya_hraneniya_veschey_5_m_2256593223,"Кладовка для хранения вещей, 5 м²",Территория Дальше Ручья Влево,5990,,5 м²,,
Санкт-Петербург,Санкт-Петербург,self_storage,https://www.avito.ru/sankt-peterburg/kommercheskaya_nedvizhimost/boksy_dlya_hraneniya_ot_25_m_7640800757,"Боксы для хранения от 2,5 м²","Наб. реки Волковки, 17",3500,,2.5 м²,,
Санкт-Петербург,Санкт-Петербург,self_storage,https://www.avito.ru/sankt-peterburg/kommercheskaya_nedvizhimost/arenda_sklada-konteynera_ot_2.5_m_do_15_m_8144009123,Аренда склада-контейнера от 2.5 м² до 15 м²,"Ул. Крыленко, 2А",3000,,2.5–15 м²,,
Санкт-Петербург,Санкт-Петербург,self_storage,https://www.avito.ru/sankt-peterburg/kommercheskaya_nedvizhimost/sdaem_v_arendu_boksy_dlya_hraneniya_iz_morskih_konte_8001956019,Сдаём в аренду боксы для хранения из морских конте,"Полевая Сабировская ул., 46Т",3900,,,,
Санкт-Петербург,Санкт-Петербург,self_storage,https://www.avito.ru/sankt-peterburg/kommercheskaya_nedvizhimost/sklad_3.5_m_7684592545,"Склад, 3.5 м²","Торфяная дорога, 21",3300,,3.5 м²,,
Санкт-Петербург,Санкт-Петербург,self_storage,https://www.avito.ru/sankt-peterburg/kommercheskaya_nedvizhimost/arenda_konteynera_arenda_sklada_sklad_5_m_8264447753,"Аренда контейнера аренда склада Склад, 5 м²","Штурманская ул., 11У",4900,,5 м²,,
Санкт-Петербург,Санкт-Петербург,self_storage,https://www.avito.ru/sankt-peterburg/kommercheskaya_nedvizhimost/sklad_7_m_7796608309,"Склад, 7 м²","4-й Верхний пер., 3",6000,,7 м²,,
Санкт-Петербург,Санкт-Петербург,warehouse_rental,https://www.avito.ru/sankt-peterburg/kommercheskaya_nedvizhimost/sklad_8171915973,Склад,"Ул. Дыбенко, 7к4",5084,,,,
Санкт-Петербург,Санкт-Петербург,warehouse_rental,https://www.avito.ru/sankt-peterburg/kommercheskaya_nedvizhimost/sklad_8348997283,Склад,"Выборгское ш., 200к4",2250,,,,
Санкт-Петербург,Санкт-Петербург,self_storage,https://www.avito.ru/sankt-peterburg/kommercheskaya_nedvizhimost/konteyner_sklad_yacheyka_3.5_m_8097237764,"Контейнер Склад Ячейка, 3.5 м²","Пр-т Обуховской Обороны, 49К",4500,,3.5 м²,,
Санкт-Петербург,Санкт-Петербург,warehouse_rental,https://www.avito.ru/sankt-peterburg/kommercheskaya_nedvizhimost/sklad_8415193309,Склад,"Пос. Парголово, Выборгское ш., 200",3250,,,,
Санкт-Петербург,Санкт-Петербург,self_storage,https://www.avito.ru/sankt-peterburg/kommercheskaya_nedvizhimost/pomeschenie_dlya_avtoelektrika_arenda_boksa_8276738084,Помещение для автоэлектрика аренда бокса,"Шафировский пр-т, 21Г",55000,,,,
Санкт-Петербург,Санкт-Петербург,self_storage,https://www.avito.ru/sankt-peterburg/kommercheskaya_nedvizhimost/hranenie_sklad_konteyner_ot_2_m_do_30_m_4119037110,"Хранение, Склад, Контейнер от 2 м² до 30 м²","Пос. Шушары, Школьная ул., 171",3700,,2–30 м²,,
Санкт-Петербург,Санкт-Петербург,self_storage,https://www.avito.ru/sankt-peterburg/kommercheskaya_nedvizhimost/boksy_dlya_hraneniya_ot_25_m_8248440008,"Боксы для хранения от 2,5 м²","5-й Верхний пер., 12",3500,,2.5 м²,,
Санкт-Петербург,Санкт-Петербург,self_storage,https://www.avito.ru/sankt-peterburg/kommercheskaya_nedvizhimost/sklad_15_m_7747318954,"Склад, 15 м²","Выборгское ш., 200к4",10000,,15 м²,,
Санкт-Петербург,Санкт-Петербург,self_storage,https://www.avito.ru/sankt-peterburg/kommercheskaya_nedvizhimost/sklad_hraneniya_kladovka_boks_dlya_vescheysklad_3_m_7778374063,"Склад хранения, кладовка, бокс для вещей,склад 3 м","Пос. Шушары, 10",,,,,
Санкт-Петербург,Санкт-Петербург,self_storage,https://www.avito.ru/sankt-peterburg/kommercheskaya_nedvizhimost/yacheyka_dlya_hraneniya_veschey_7814147409,Ячейка для хранения вещей,"1-й Верхний пер., 2",,,,,
Санкт-Петербург,Санкт-Петербург,self_storage,https://www.avito.ru/sankt-peterburg/kommercheskaya_nedvizhimost/sdaem_v_arendu_boksy_dlya_hraneniya_iz_morskih_konte_7522039180,Сдаём в аренду боксы для хранения из морских конте,"Благодатная ул., 69В",3900,,,,
Санкт-Петербург,Санкт-Петербург,warehouse_rental,https://www.avito.ru/sankt-peterburg/kommercheskaya_nedvizhimost/arenda_sklada_60_m_8306804785,"Аренда склада, 60 м²","Химический пер., 8",25800,,60 м²,,
Санкт-Петербург,Санкт-Петербург,self_storage,https://www.avito.ru/sankt-peterburg/kommercheskaya_nedvizhimost/skladskaya_yacheyka_4_m_2032078526,"Складская ячейка, 4 м²","Пр-т Маршала Блюхера, 6А",4990,,4 м²,,
Санкт-Петербург,Санкт-Петербург,self_storage,https://www.avito.ru/sankt-peterburg/kommercheskaya_nedvizhimost/boks_dlya_hraneniya_veschey_8103040324,Бокс для хранения вещей,"Чарушинская ул., 10",6500,,,,
Санкт-Петербург,Санкт-Петербург,self_storage,https://www.avito.ru/sankt-peterburg/kommercheskaya_nedvizhimost/sklad_boks_yacheyka_3.75_m_v_ozerkah_8481692466,"Склад Бокс Ячейка, 3.75 м² в Озерках","Суздальское ш., 26литВ",3000,,3.75 м²,,
Санкт-Петербург,Санкт-Петербург,self_storage,https://www.avito.ru/sankt-peterburg/kommercheskaya_nedvizhimost/tsena_ot_sobstvennika._sklad-konteyner_15_m_7886733121,"Цена от собственника. Склад-контейнер, 15 м²","Фаянсовая ул., 24",10560,,15 м²,,
Санкт-Петербург,Санкт-Петербург,self_storage,https://www.avito.ru/sankt-peterburg/kommercheskaya_nedvizhimost/sklad_dlya_hraneniya_veschey_30_m_7964088526,"Склад для хранения вещей, 30 м²","Пр-т Будённого, 23к3",8000,,30 м²,,
Санкт-Петербург,Санкт-Петербург,self_storage,https://www.avito.ru/sankt-peterburg/kommercheskaya_nedvizhimost/arenda_sklada_dlya_hraneniya_ot_25_do_30_m_7964411871,"Аренда склада для хранения, от 2,5 до 30 м²","Пр-т Энергетиков, 8к2",3000,,2.5–30 м²,,
Санкт-Петербург,Санкт-Петербург,self_storage,https://www.avito.ru/sankt-peterburg/kommercheskaya_nedvizhimost/arenda_konteynera_30_m_4677092497,"Аренда контейнера, 30 м²","Суздальское ш., 26",14990,,30 м²,,
Санкт-Петербург,Санкт-Петербург,self_storage,https://www.avito.ru/sankt-peterburg/kommercheskaya_nedvizhimost/sklad_konteyner_7.5_m._spetstsena_do_kontsa_mesyatsa_7982540098,"Склад контейнер, 7.5 м². Спеццена до конца месяца","Коломяжский пр-т, 10",6700,,7.5 м²,,
Санкт-Петербург,Санкт-Петербург,self_storage,https://www.avito.ru/sankt-peterburg/kommercheskaya_nedvizhimost/boksy_dlya_hraneniya_ot_25_do_30_m_8331303372,"Боксы для хранения от 2,5 до 30 м²","Уральская ул., 19к9Ж",3000,,2.5–30 м²,,
Санкт-Петербург,Санкт-Петербург,self_storage,https://www.avito.ru/sankt-peterburg/kommercheskaya_nedvizhimost/arenda_sklada_ot_2.5_m_do_15_m_8144507144,Аренда Склада от 2.5 м² до 15 м²,"Ул. Обручевых, 5к2Б",3000,,2.5–15 м²,,
Санкт-Петербург,Санкт-Петербург,self_storage,https://www.avito.ru/sankt-peterburg/kommercheskaya_nedvizhimost/arenda_sklada_15_m_na_mitrofanevskoy_4228590607,"Аренда Склада, 15 м² на Митрофаньевской","Малая Митрофаньевская ул., 6",9990,,15 м²,,
Санкт-Петербург,Санкт-Петербург,self_storage,https://www.avito.ru/sankt-peterburg/kommercheskaya_nedvizhimost/teplyy_boks_kladovaya_sklad_1_m3_8290589233,"Теплый бокс кладовая склад, 1 м3","Гражданский пр-т, 130к1",,,,,
Санкт-Петербург,Санкт-Петербург,self_storage,https://www.avito.ru/sankt-peterburg/kommercheskaya_nedvizhimost/sklad_3.5_m_7684925826,"Склад, 3.5 м²","Малая Митрофаньевская ул., 18",3300,,3.5 м²,,
Санкт-Петербург,Санкт-Петербург,warehouse_rental,https://www.avito.ru/sankt-peterburg/kommercheskaya_nedvizhimost/arenda_sklada_7522090472,Аренда склада,"Ново-Никитинская ул., 3Ж",3900,,,,
Санкт-Петербург,Санкт-Петербург,self_storage,https://www.avito.ru/sankt-peterburg/kommercheskaya_nedvizhimost/sklad_hranenie_konteyner_ot_2_m_do_30_m_3063491521,"Склад, Хранение, Контейнер от 2 м² до 30 м²","Ул. Руставели, 5к5",3700,,2–30 м²,,
Санкт-Петербург,Санкт-Петербург,self_storage,https://www.avito.ru/sankt-peterburg/kommercheskaya_nedvizhimost/boksy_dlya_hraneniya_ot_25_m_8248564128,"Боксы для хранения от 2,5 м²","Пискарёвский пр-т, 144к5",3500,,2.5 м²,,
Санкт-Петербург,Санкт-Петербург,warehouse_rental,https://www.avito.ru/sankt-peterburg/kommercheskaya_nedvizhimost/arenda_sklada_8172482858,Аренда склада,"Ул. Дыбенко, 7к4",4719,,,,
Санкт-Петербург,Санкт-Петербург,self_storage,https://www.avito.ru/sankt-peterburg/kommercheskaya_nedvizhimost/boks_dlya_hraneniya_veschey_8354026986,Бокс для хранения вещей,"Фаянсовая ул., 24",13990,,,,
Санкт-Петербург,Санкт-Петербург,self_storage,https://www.avito.ru/sankt-peterburg/kommercheskaya_nedvizhimost/arenda_sklada_30_m_8421269068,"Аренда склада, 30 м²","Октябрьская наб., 108к1",10900,,30 м²,,
Санкт-Петербург,Санкт-Петербург,self_storage,https://www.avito.ru/sankt-peterburg/kommercheskaya_nedvizhimost/kladovka_dlya_hraneniya_shin_2_m_hranenie_veschey_8345445640,"Кладовка для хранения шин 2 м², хранение вещей","Ул. Маршала Говорова, 35к5",4700,,2 м²,,
Санкт-Петербург,Санкт-Петербург,self_storage,https://www.avito.ru/sankt-peterburg/kommercheskaya_nedvizhimost/arenda_sklada_dlya_hraneniya_veschey_30_m_7964677167,"Аренда склада для хранения вещей, 30 м²","Ул. Руставели, 39А",8000,,30 м²,,
Санкт-Петербург,Санкт-Петербург,self_storage,https://www.avito.ru/sankt-peterburg/kommercheskaya_nedvizhimost/sklad_2.75_m_7975830264,"Склад, 2.75 м²","Ул. Руставели, 71",2500,,2.75 м²,,
Санкт-Петербург,Санкт-Петербург,self_storage,https://www.avito.ru/sankt-peterburg/kommercheskaya_nedvizhimost/sklad-konteyner_7_m_m._volkovskaya_8449341005,"Склад-Контейнер, 7 м² м. Волковская","Ул. Салова, 34",7000,,7 м²,,
Санкт-Петербург,Санкт-Петербург,self_storage,https://www.avito.ru/sankt-peterburg/kommercheskaya_nedvizhimost/sklad_dlya_hraneniya_veschey_7.5_m_3743029139,"Склад для хранения вещей, 7.5 м²","Дальневосточный пр-т, 3А",7700,,7.5 м²,,
Санкт-Петербург,Санкт-Петербург,warehouse_rental,https://www.avito.ru/sankt-peterburg/kommercheskaya_nedvizhimost/svobod._naznacheniyaproizvodstvo_sklad_boks_840m_7735011821,"Свобод. назначения,производство, склад, бокс 840м²","Индустриальный пр-т, 84с1",1512000,,840 м²,,
Санкт-Петербург,Санкт-Петербург,self_storage,https://www.avito.ru/sankt-peterburg/kommercheskaya_nedvizhimost/arenda_konteynera_pod_sklad_14_m_8170882877,Аренда контейнера под склад 14 м²,"9-й Верхний пер., 3",6300,,14 м²,,
Санкт-Петербург,Санкт-Петербург,self_storage,https://www.avito.ru/sankt-peterburg/kommercheskaya_nedvizhimost/sklad_2.5_m_7427620101,"Склад, 2.5 м²","Пос. Парголово, дорога в Каменку, 17Б",3200,,2.5 м²,,
Санкт-Петербург,Санкт-Петербург,warehouse_rental,https://www.avito.ru/sankt-peterburg_krasnoye_selo/kommercheskaya_nedvizhimost/sklad_proizvodstvo_12000_m_klass_a_8278001846,"Склад, производство 12000 м², класс А",Красное Село,8400000,,12000 м²,,
Санкт-Петербург,Санкт-Петербург,warehouse_rental,https://www.avito.ru/sankt-peterburg/kommercheskaya_nedvizhimost/arenda_sklada_konteynera_garazh_svet_ohrana_8252830243,Аренда склада контейнера гараж свет охрана,"Пос. Шушары, Чудовская ул., 14к1",10900,,,,
Санкт-Петербург,Санкт-Петербург,self_storage,https://www.avito.ru/sankt-peterburg/kommercheskaya_nedvizhimost/arenda_konteynera_pod_sklad_14_m_7787311892,"Аренда контейнера под склад, 14 м²","5-й Верхний пер., уч5",7800,,14 м²,,
Санкт-Петербург,Санкт-Петербург,warehouse_rental,https://www.avito.ru/sankt-peterburg/kommercheskaya_nedvizhimost/sklad_7842232491,Склад,"Пос. Шушары, 10",3490,,,,
Санкт-Петербург,Санкт-Петербург,self_storage,https://www.avito.ru/sankt-peterburg/kommercheskaya_nedvizhimost/sklad_morskoy_konteyner_garazh_ot_2_m_do_30_m_2102925110,"Склад, Морской контейнер, Гараж от 2 м² до 30 м²","Кудровский пр., 3",3700,,2–30 м²,,
Санкт-Петербург,Санкт-Петербург,self_storage,https://www.avito.ru/sankt-peterburg/kommercheskaya_nedvizhimost/arenda_kladovoy_8108694661,Аренда кладовой,"Ул. Лидии Зверевой, 5к1",9975,,,,
Санкт-Петербург,Санкт-Петербург,self_storage,https://www.avito.ru/sankt-peterburg/kommercheskaya_nedvizhimost/arenda_sklada_dlya_hraneniya_ot_25_do_30_m_8330883667,"Аренда склада для хранения, от 2,5 до 30 м²","Гражданский пр-т, 111",3000,,2.5–30 м²,,
Санкт-Петербург,Санкт-Петербург,self_storage,https://www.avito.ru/sankt-peterburg/kommercheskaya_nedvizhimost/arenda_konteynera_pod_sklad_14_m_8011055440,Аренда контейнера под склад 14 м²,"Домостроительная ул., 1",6300,,14 м²,,
Санкт-Петербург,Санкт-Петербург,self_storage,https://www.avito.ru/sankt-peterburg/kommercheskaya_nedvizhimost/sklad_boks_yacheyka_3.5_m_v_shusharah_8417092710,"Склад Бокс Ячейка, 3.5 м² в Шушарах","Пос. Шушары, Школьная ул., 153И",3500,,3.5 м²,,
Санкт-Петербург,Санкт-Петербург,warehouse_rental,https://www.avito.ru/sankt-peterburg/kommercheskaya_nedvizhimost/pomeschenie_pod_sklad_ili_proizvodstvo_8104881151,Помещение под склад или производство,"Ул. Маршала Новикова, 28Е",1117354,,,,
Санкт-Петербург,Санкт-Петербург,self_storage,https://www.avito.ru/sankt-peterburg/kommercheskaya_nedvizhimost/arenda_sklada_30_m_8426344319,"Аренда склада, 30 м²","Химический пер., 8",12900,,30 м²,,
Санкт-Петербург,Санкт-Петербург,self_storage,https://www.avito.ru/sankt-peterburg/kommercheskaya_nedvizhimost/sklad_2.5_m_7395038732,"Склад, 2.5 м²","Пос. Парголово, дорога в Каменку, 17Б",3200,,2.5 м²,,
Санкт-Петербург,Санкт-Петербург,self_storage,https://www.avito.ru/sankt-peterburg/kommercheskaya_nedvizhimost/sklady_15_m_20_fut_konteynery_3413842396,"Склады 15 м², 20 фут контейнеры","Домостроительная ул., 3В",9500,,15 м²,,
Санкт-Петербург,Санкт-Петербург,self_storage,https://www.avito.ru/sankt-peterburg/kommercheskaya_nedvizhimost/sklad_15_m2_na_mitrofanevskom_shosse_7918768708,Склад 15 м2 на Митрофаньевском шоссе,"Старообрядческая ул., 24",10584,,15 м²,,
Санкт-Петербург,Санкт-Петербург,self_storage,https://www.avito.ru/sankt-peterburg/kommercheskaya_nedvizhimost/sklad-konteyner_15_m2_na_parnase_7918900635,Склад-контейнер 15 м2 на Парнасе,"Пос. Парголово, Выборгское ш., 212",8790,,15 м²,,
Санкт-Петербург,Санкт-Петербург,self_storage,https://www.avito.ru/sankt-peterburg/kommercheskaya_nedvizhimost/sklad_hraneniya_kladovka_boks_dlya_vescheysklad_dlya_7234733643,"Склад хранения, кладовка, бокс для вещей,склад для","Средний пр-т Васильевского острова, 32",4490,,,,
Санкт-Петербург,Санкт-Петербург,self_storage,https://www.avito.ru/sankt-peterburg/kommercheskaya_nedvizhimost/arenda_sklada_dlya_hraneniya_ot_25_do_30_m_8331252511,"Аренда склада для хранения, от 2,5 до 30 м²","Кубинская ул., 76к7",3000,,2.5–30 м²,,
Санкт-Петербург,Санкт-Петербург,warehouse_rental,https://www.avito.ru/sankt-peterburg/kommercheskaya_nedvizhimost/sklad_dlya_hraneniya_8033999230,Склад для хранения,"Пулковское ш., 19Б",6900,,,,
Санкт-Петербург,Санкт-Петербург,self_storage,https://www.avito.ru/sankt-peterburg/kommercheskaya_nedvizhimost/sklad_5_m_1936095326,"Склад, 5 м²","Парашютная ул., 65",5990,,5 м²,,
Санкт-Петербург,Санкт-Петербург,self_storage,https://www.avito.ru/sankt-peterburg/kommercheskaya_nedvizhimost/kladovaya_dlya_hraneniya_lodok_lyzh_veschey_2_m_8326062634,"Кладовая для хранения лодок, лыж, вещей 2 м²","1-й Верхний пер., 2",5200,,2 м²,,
Санкт-Петербург,Санкт-Петербург,self_storage,https://www.avito.ru/sankt-peterburg/kommercheskaya_nedvizhimost/arenda_kladovki_4_m_dlya_hraneniya_8096782911,Аренда кладовки 4 м² для хранения,"Ул. Розенштейна, 39",4690,,4 м²,,
Санкт-Петербург,Санкт-Петербург,self_storage,https://www.avito.ru/sankt-peterburg/kommercheskaya_nedvizhimost/arenda_sklad_kladovka_garazh_v_arendu_8377172712,Аренда Склад Кладовка Гараж в аренду,"Пр-т Юрия Гагарина, 2к8",6900,,,,
Санкт-Петербург,Санкт-Петербург,self_storage,https://www.avito.ru/sankt-peterburg/kommercheskaya_nedvizhimost/arenda_sklada_dlya_hraneniya_ot_25_do_30_m_7964689356,"Аренда склада для хранения, от 2,5 до 30 м²","2-й Верхний пер., 8",3500,,2.5–30 м²,,
Санкт-Петербург,Санкт-Петербург,self_storage,https://www.avito.ru/sankt-peterburg/kommercheskaya_nedvizhimost/teplye_kladovki_1.5_m_baltiyskaya_zhemchuzhina_3716975337,Теплые кладовки 1.5 м² Балтийская Жемчужина,"Петергофское ш., 45",3290,,1.5 м²,,
Санкт-Петербург,Санкт-Петербург,self_storage,https://www.avito.ru/sankt-peterburg/kommercheskaya_nedvizhimost/boksy-sklady_ot_25_do_30_m_8323560083,"Боксы-склады от 2,5 до 30 м²","Пр-т Ветеранов, 171к1",3500,,2.5–30 м²,,
Санкт-Петербург,Санкт-Петербург,self_storage,https://www.avito.ru/sankt-peterburg/kommercheskaya_nedvizhimost/teplye_kladovki_1.5_m_na_shkolnoy_7332142606,Теплые кладовки 1.5 м² на Школьной,"Школьная ул., 37",3300,,1.5 м²,,
Санкт-Петербург,Санкт-Петербург,warehouse_rental,https://www.avito.ru/sankt-peterburg/kommercheskaya_nedvizhimost/arenda_sklada_konteynera_garazh_svet_ohrana_8219125822,Аренда склада контейнера гараж свет охрана,"Штурманская ул., 11У",10900,,,,
Санкт-Петербург,Санкт-Петербург,self_storage,https://www.avito.ru/sankt-peterburg/kommercheskaya_nedvizhimost/arenda_konteynera_pod_sklad_28_m_7978973881,Аренда контейнера под склад 28 м²,"6-й Верхний пер., 3",8400,,28 м²,,
Санкт-Петербург,Санкт-Петербург,self_storage,https://www.avito.ru/sankt-peterburg/kommercheskaya_nedvizhimost/arenda_sklada_dlya_hraneniya_ot_25_do_30_m_8330866234,"Аренда склада для хранения, от 2,5 до 30 м²","Ул. Салова, 27АД",3000,,2.5–30 м²,,
Санкт-Петербург,Санкт-Петербург,warehouse_rental,https://www.avito.ru/sankt-peterburg/kommercheskaya_nedvizhimost/sklad_8001991926,Склад,"Долгоозёрная ул., 34Б",3900,,,,
Санкт-Петербург,Санкт-Петербург,warehouse_rental,https://www.avito.ru/sankt-peterburg/kommercheskaya_nedvizhimost/antresol_2_m_na_teplom_sklade_v_arendu_7618716366,Антресоль 2 м на теплом складе в аренду,"Долгоозёрная ул., 12",1900,,,,
Санкт-Петербург,Санкт-Петербург,self_storage,https://www.avito.ru/sankt-peterburg/kommercheskaya_nedvizhimost/arenda_sklada_dlya_hraneniya_veschey_ot_25_do_30_m_7963932614,"Аренда склада для хранения вещей, от 2,5 до 30 м²","Ул. Маршала Казакова, 37",8000,,2.5–30 м²,,
Санкт-Петербург,Санкт-Петербург,self_storage,https://www.avito.ru/sankt-peterburg/kommercheskaya_nedvizhimost/arenda_sklada_dlya_hraneniya_ot_25_do_30_m_8220454585,"Аренда склада для хранения, от 2,5 до 30 м²","2-й Верхний пер., 6к1Б",3500,,2.5–30 м²,,
Санкт-Петербург,Санкт-Петербург,self_storage,https://www.avito.ru/sankt-peterburg/kommercheskaya_nedvizhimost/arenda_konteynera_6_m_8307975092,Аренда контейнера 6 м²,"2-й Верхний пер., 1",6600,,6 м²,,
Санкт-Петербург,Санкт-Петербург,self_storage,https://www.avito.ru/sankt-peterburg/kommercheskaya_nedvizhimost/sklad_2.5_m_2064007854,"Склад, 2.5 м²",Кушелевка,3490,,2.5 м²,,
Санкт-Петербург,Санкт-Петербург,self_storage,https://www.avito.ru/sankt-peterburg/kommercheskaya_nedvizhimost/arenda_boksa_75_m_dlya_hraneniya_8384200792,"Аренда бокса 7,5 м² для хранения","Наб. реки Волковки, 19",7400,,7.5 м²,,
Санкт-Петербург,Санкт-Петербург,self_storage,https://www.avito.ru/sankt-peterburg/kommercheskaya_nedvizhimost/kladovka_v_arendu_75_m_8384469174,"Кладовка в аренду 7,5 м²","Фаянсовая ул., 26",6700,,7.5 м²,,
Санкт-Петербург,Санкт-Петербург,self_storage,https://www.avito.ru/sankt-peterburg/kommercheskaya_nedvizhimost/sklad-konteyner_28_m_7260335055,"Склад-контейнер, 28 м²","Пос. Шушары, Московское ш., 15",3000,,28 м²,,
Санкт-Петербург,Санкт-Петербург,self_storage,https://www.avito.ru/sankt-peterburg/kommercheskaya_nedvizhimost/sklad-konteyner_pod_hranenie_veschey_ot_2.5_do_15_m_8176425953,Склад-контейнер под хранение вещей от 2.5 до 15 м²,"Ул. Оптиков, 4",3000,,2.5–15 м²,,
Санкт-Петербург,Санкт-Петербург,self_storage,https://www.avito.ru/sankt-peterburg/kommercheskaya_nedvizhimost/arenda_sklada-konteynera_ot_2.5_m_do_15_m_8175925769,"Аренда склада-контейнера, от 2.5 м² до 15 м²","Бестужевская ул., 2к3",3000,,2.5–15 м²,,
Санкт-Петербург,Санкт-Петербург,self_storage,https://www.avito.ru/sankt-peterburg/kommercheskaya_nedvizhimost/arenda_kladovki_arenda_sklada_8344650267,Аренда кладовки / Аренда склада,"Уманский пер., 68к2",3000,,,,
Санкт-Петербург,Санкт-Петербург,self_storage,https://www.avito.ru/sankt-peterburg/kommercheskaya_nedvizhimost/arenda_sklad_kladovka_boks_dlya_veschey_sklad_do_30m_8066005855,"Аренда склад кладовка бокс для вещей, склад до 30м","Кронштадтская ул., 11",12000,,,,
Санкт-Петербург,Санкт-Петербург,warehouse_rental,https://www.avito.ru/sankt-peterburg/kommercheskaya_nedvizhimost/arenda_sklada-konteynera_8144046947,Аренда склада-контейнера,"Домостроительная ул., 1к5Б",3000,,,,
Санкт-Петербург,Санкт-Петербург,self_storage,https://www.avito.ru/sankt-peterburg/kommercheskaya_nedvizhimost/sklad_konteyner_v_arendu_3.7_kvm_boks_garazh_8446908462,Склад контейнер в аренду 3.7 квм бокс гараж,"Пос. Шушары, Чудовская ул., 14к1",4500,,3.7 м²,,
Санкт-Петербург,Санкт-Петербург,self_storage,https://www.avito.ru/sankt-peterburg/kommercheskaya_nedvizhimost/osvobodilas_kladovaya_1.5_m_sohrani_veschi_v_teple_8302415747,"Освободилась кладовая 1.5 м², сохрани вещи в тепле","1-й Верхний пер., 2",3900,,1.5 м²,,
Санкт-Петербург,Санкт-Петербург,self_storage,https://www.avito.ru/sankt-peterburg/kommercheskaya_nedvizhimost/arenda_konteynera_2_m_8449154820,Аренда контейнера 2 м²,"2-й Верхний пер., 1",2900,,2 м²,,
Санкт-Петербург,Санкт-Петербург,self_storage,https://www.avito.ru/sankt-peterburg/kommercheskaya_nedvizhimost/sklad_boks_3.75_m_na_salova_8481025079,"Склад Бокс, 3.75 м² на Салова","Ул. Салова, 34",4000,,3.75 м²,,
Санкт-Петербург,Санкт-Петербург,self_storage,https://www.avito.ru/sankt-peterburg/kommercheskaya_nedvizhimost/teplyy_sklad_15_m_obrabotano_ot_parazitov_ohrana_8294721793,"Теплый склад 15 м² обработано от паразитов, охрана","1-й Верхний пер., 2",32250,,15 м²,,
Санкт-Петербург,Санкт-Петербург,self_storage,https://www.avito.ru/sankt-peterburg/kommercheskaya_nedvizhimost/sklad-konteyner_15_m_m._volkovskaya_8449259144,"Склад-Контейнер, 15 м² м. Волковская","Ул. Салова, 34",10000,,15 м²,,
Санкт-Петербург,Санкт-Петербург,self_storage,https://www.avito.ru/sankt-peterburg/kommercheskaya_nedvizhimost/arenda_konteynera_4_m_8386252450,Аренда контейнера 4 м²,"2-й Верхний пер., 1",5400,,4 м²,,
Санкт-Петербург,Санкт-Петербург,self_storage,https://www.avito.ru/sankt-peterburg/kommercheskaya_nedvizhimost/snyat_sklad_15_m_dlya_hraneniya_veschey_7424789925,Снять склад 15 м² для хранения вещей,"Московское ш., 25А",8800,,15 м²,,
Санкт-Петербург,Санкт-Петербург,warehouse_rental,https://www.avito.ru/sankt-peterburg/kommercheskaya_nedvizhimost/sklad_dlya_hraneniya_iz_morskih_konteynerov_8002304179,Склад для хранения из морских контейнеров,"Предпортовая ул., 10Ж",14900,,,,
Санкт-Петербург,Санкт-Петербург,self_storage,https://www.avito.ru/sankt-peterburg/kommercheskaya_nedvizhimost/sklad_konteyner_v_arendu_3.7_kvm_boks_garazh_8375749194,Склад контейнер в аренду 3.7 квм бокс гараж,"Пр-т Юрия Гагарина, 2к8",5900,,3.7 м²,,
Санкт-Петербург,Санкт-Петербург,self_storage,https://www.avito.ru/sankt-peterburg/kommercheskaya_nedvizhimost/15_m_arenda_kladovki_shkolnaya_2885531823,"1,5 м² Аренда Кладовки Школьная","Школьная ул., 37",3200,,1.5 м²,,
Санкт-Петербург,Санкт-Петербург,self_storage,https://www.avito.ru/sankt-peterburg/kommercheskaya_nedvizhimost/snyat_kladovku_75_m_dlya_veschey_8384451931,"Снять кладовку 7,5 м² для вещей","Фаянсовая ул., 24",5990,,7.5 м²,,
Санкт-Петербург,Санкт-Петербург,self_storage,https://www.avito.ru/sankt-peterburg/kommercheskaya_nedvizhimost/arenda_sklada_15_m_8198956102,Аренда склада 15 м²,"Исторический район Старо-Паново, Поселковая ул., 2",6500,,15 м²,,
Санкт-Петербург,Санкт-Петербург,self_storage,https://www.avito.ru/sankt-peterburg/kommercheskaya_nedvizhimost/osvobodi_balkon_ot_shin_i_inventarya_2.5_m_kladovka_8389613266,Освободи балкон от шин и инвентаря 2.5 м² кладовка,"1-й Верхний пер., 2",6000,,2.5 м²,,
Санкт-Петербург,Санкт-Петербург,self_storage,https://www.avito.ru/sankt-peterburg/kommercheskaya_nedvizhimost/konteyner_dlya_hraneniya_ot_25_do_30_m_8397497793,"Контейнер для хранения от 2,5 до 30 м²","Митрофаньевское ш., 25А",3500,,2.5–30 м²,,
Санкт-Петербург,Санкт-Петербург,self_storage,https://www.avito.ru/sankt-peterburg/kommercheskaya_nedvizhimost/kladovaya_dlya_pereezda_2.5_m_hranenie_veschey_8251849385,"Кладовая для переезда 2.5 м², хранение вещей","Ул. Маршала Говорова, 35к5",7375,,2.5 м²,,
Санкт-Петербург,Санкт-Петербург,self_storage,https://www.avito.ru/sankt-peterburg/kommercheskaya_nedvizhimost/kladovaya_konteyner_6_m_shushary_8481648022,"Кладовая Контейнер, 6 м² Шушары","Пос. Шушары, Школьная ул., 153И",5500,,6 м²,,
Санкт-Петербург,Санкт-Петербург,self_storage,https://www.avito.ru/sankt-peterburg/kommercheskaya_nedvizhimost/yacheyka_sklad_kladovka_3.75_m_2_et._8289189333,"Ячейка Склад Кладовка, 3.75 м² (2 эт.)","Мебельная ул., 2",3800,,3.75 м²,,
Санкт-Петербург,Санкт-Петербург,self_storage,https://www.avito.ru/sankt-peterburg/kommercheskaya_nedvizhimost/sklad_3.5_m_parnas_2917069586,"Склад, 3.5 м² Парнас","Домостроительная ул., 1к5",3300,,3.5 м²,,
Санкт-Петербург,Санкт-Петербург,warehouse_rental,https://www.avito.ru/sankt-peterburg/kommercheskaya_nedvizhimost/arenda_sklada_7979981612,Аренда склада,"Ул. Лидии Зверевой, 5к1",17060,,,,
Санкт-Петербург,Санкт-Петербург,self_storage,https://www.avito.ru/sankt-peterburg/kommercheskaya_nedvizhimost/sklad-konteyner_dlya_lyubyh_tseley_ot_25_do_30_m_7964700521,"Склад-контейнер для любых целей, от 2,5 до 30 м²","Ул. Руставели, 39А",3500,,2.5–30 м²,,
Санкт-Петербург,Санкт-Петербург,self_storage,https://www.avito.ru/sankt-peterburg/kommercheskaya_nedvizhimost/sklad_30_m_8065549093,"Склад, 30 м²","Химический пер., 8",12900,,30 м²,,
Санкт-Петербург,Санкт-Петербург,self_storage,https://www.avito.ru/sankt-peterburg/kommercheskaya_nedvizhimost/arenda_sklada_15_m_skladskoe_pomeschenie_boks_garazh_8381356696,Аренда склада 15 м² складское помещение бокс гараж,"Пр-т Юрия Гагарина, 2к8",11900,,15 м²,,
Санкт-Петербург,Санкт-Петербург,self_storage,https://www.avito.ru/sankt-peterburg/kommercheskaya_nedvizhimost/arenda_sklada_arenda_kladovki_garazh_konteynera_8162080815,Аренда склада аренда кладовки гараж контейнера,"Кронштадтская ул., 11",11990,,,,
Калининград,Калининградская область,self_storage,https://www.avito.ru/kaliningrad/kommercheskaya_nedvizhimost/sklad_dlya_hraneniya_veschey_3.5_m_8_m.kub._2263810555,"Склад для хранения вещей, 3.5 м² (8 м.куб.)","Магнитная ул., 4",3900,,3.5 м²,,
Нижний Новгород,Нижегородская область,self_storage,https://www.avito.ru/nizhniy_novgorod/kommercheskaya_nedvizhimost/sklad_dlya_hraneniya_veschey_3.5_m_4068941222,Склад для хранения вещей 3.5 м²,"Ул. Строкина, 5А",3290,,3.5 м²,,
Нижний Новгород,Нижегородская область,self_storage,https://www.avito.ru/nizhniy_novgorod/kommercheskaya_nedvizhimost/sklad_dlya_hraneniya_veschey_8m2_8251471570,Склад для хранения вещей 8м2,"Ул. Окская Гавань, 6",5100,,8 м²,,
Нижний Новгород,Нижегородская область,warehouse_rental,https://www.avito.ru/nizhniy_novgorod/kommercheskaya_nedvizhimost/teplyy_sklad_184kv.m._garazh_proizvodstvo_servis_8113845191,Тёплый склад 184кв.м./ Гараж/ Производство/ сервис,"Вязниковская ул., 3А",82800,,184 м²,,
Нижний Новгород,Нижегородская область,self_storage,https://www.avito.ru/nizhniy_novgorod/kommercheskaya_nedvizhimost/sklad_50_m_7587452623,"Склад, 50 м²","Ул. Чехова, 21",,,50 м²,,
Нижний Новгород,Нижегородская область,warehouse_rental,https://www.avito.ru/nizhniy_novgorod/kommercheskaya_nedvizhimost/sklad_350_kv.m_masterskaya_svobodnoe_naznachenie_8113789601,Склад 350 кв.м/ мастерская/ свободное назначение,"Московское ш., 302В",136500,,350 м²,,
Нижний Новгород,Нижегородская область,self_storage,https://www.avito.ru/nizhniy_novgorod/kommercheskaya_nedvizhimost/sklad_15_m_arenda_na_gagarina_7300841937,Склад 15 м² Аренда на Гагарина,"Пр-т Гагарина, 69",6190,,15 м²,,
Нижний Новгород,Нижегородская область,self_storage,https://www.avito.ru/nizhniy_novgorod/kommercheskaya_nedvizhimost/sklad_30_m_7492641245,"Склад, 30 м²","Ул. Коминтерна, 31Б",13900,,30 м²,,
Казань,Республика Татарстан,self_storage,https://www.avito.ru/kazan/kommercheskaya_nedvizhimost/arenda_sklada_konteynera_15_m_7732264679,"Аренда склада контейнера, 15 м²","Ул. Фатыха Амирхана, 52",6000,,15 м²,,
Казань,Республика Татарстан,warehouse_rental,https://www.avito.ru/kazan/kommercheskaya_nedvizhimost/holodnyy_sklad_proizvodstvo_avtoservis_ot_50_do_430_m_v_sovetskom_rayone_8362597427,Холодный склад / Производство / Автосервис от 50 до 430 м² в Советском районе,"Поперечно-Ноксинская ул., 3к7",17500,,50–430 м²,,
Казань,Республика Татарстан,warehouse_rental,https://www.avito.ru/kazan/kommercheskaya_nedvizhimost/skladckie_boksy_325_m_8375586810,"Складcкие боксы, 325 м²","Пос. Новониколаевский, Центральная ул., 49",195000,,325 м²,,
Казань,Республика Татарстан,warehouse_rental,https://www.avito.ru/kazan/kommercheskaya_nedvizhimost/proizvodstvo_s_kranbalkoy_avtoservis_sklad_8393938086,"Производство с кранбалкой, автосервис, склад","Беломорская ул., 101к91",,,,,
Казань,Республика Татарстан,self_storage,https://www.avito.ru/kazan/kommercheskaya_nedvizhimost/arenda_konteynera_pod_sklad_15_m_7732372008,"Аренда контейнера под склад, 15 м²","Ул. Родины, 41",6000,,15 м²,,
Казань,Республика Татарстан,warehouse_rental,https://www.avito.ru/kazan/kommercheskaya_nedvizhimost/pomeschenie_280_m_tsentr_sklad_proizvodstvo_8174641158,Помещение 280 м² Центр Склад / производство,"Ул. Тази Гиззата, 26к1",220000,,280 м²,,
Казань,Республика Татарстан,self_storage,https://www.avito.ru/kazan/kommercheskaya_nedvizhimost/konteyner_v_arendu_pod_sklad_15_m_7732121431,"Контейнер в аренду под склад, 15 м²","Советский район, жилой массив Самосырово, ул. Мира, 122",6000,,15 м²,,
Казань,Республика Татарстан,self_storage,https://www.avito.ru/kazan/kommercheskaya_nedvizhimost/arenda_konteynera_pod_sklad_15_m_7732356999,"Аренда контейнера под склад, 15 м²","Южно-Промышленная ул., 20",6000,,15 м²,,
Казань,Республика Татарстан,self_storage,https://www.avito.ru/kazan/kommercheskaya_nedvizhimost/arenda_konteynera_pod_sklad_15_m_7732694469,"Аренда контейнера под склад, 15 м²","ЖК Лесной Городок, Берёзовая ул., 2А",6000,,15 м²,,
Казань,Республика Татарстан,self_storage,https://www.avito.ru/kazan/kommercheskaya_nedvizhimost/arenda_konteynera_dlya_sklada_15_m_7732903525,"Аренда контейнера для склада, 15 м²","Ул. Аделя Кутуя, 153В",6000,,15 м²,,
Казань,Республика Татарстан,self_storage,https://www.avito.ru/kazan/kommercheskaya_nedvizhimost/konteyner_20_futov_v_arendu_pod_sklad_15m2_7764283305,"Контейнер 20 футов в аренду под склад, 15м2","Лиственная ул., 12Б",6000,,15 м²,,
Казань,Республика Татарстан,self_storage,https://www.avito.ru/kazan/kommercheskaya_nedvizhimost/arenda_konteynera_pod_sklad_15_m_7764374001,"Аренда контейнера под склад, 15 м²","Ул. Нариманова, 32",6000,,15 м²,,
Казань,Республика Татарстан,self_storage,https://www.avito.ru/kazan/kommercheskaya_nedvizhimost/konteyner_pod_sklad_v_arendu_15_m_7700894543,"Контейнер под склад в аренду, 15 м²","Советский район, посёлок Дербышки, ул. Мира, 1Ак1",6000,,15 м²,,
Краснодар,Краснодарский край,warehouse_rental,https://www.avito.ru/krasnodar/kommercheskaya_nedvizhimost/avtoservis_sto_deteyling_sklad_proizvodstvo_216_m2_8070748860,Автосервис сто детейлинг склад производство 216 м2,"Карасунский внутригородской округ, жилой массив ТЭЦ, Западная ул., 3А",108000,,216 м²,,
Краснодар,Краснодарский край,warehouse_rental,https://www.avito.ru/krasnodar/kommercheskaya_nedvizhimost/proizvodstvo_sklad_616_m_7782325018,"Производство, склад 616 м²","Карасунский внутригородской округ, жилой массив ТЭЦ, Западная ул., 5",350000,,616 м²,,
Краснодар,Краснодарский край,self_storage,https://www.avito.ru/krasnodar/kommercheskaya_nedvizhimost/sklad_boks_dlya_lichnyh_veschey_ryadom_s_domom_8285391422,Склад / Бокс для личных вещей рядом с домом,"Ростовское ш., 30/7к1",2000,,,,
Краснодар,Краснодарский край,self_storage,https://www.avito.ru/krasnodar/kommercheskaya_nedvizhimost/hranenie_veschey_v_suhom_sklade_v_krasnodare_8119372648,Хранение вещей в сухом складе в Краснодаре,"Ростовское ш., 30/7к1",250,,,,
Краснодар,Краснодарский край,self_storage,https://www.avito.ru/krasnodar/kommercheskaya_nedvizhimost/sklad_kladovka_boks_yacheyka_ul_grigoriya_bulgakov_7928665979,"Склад, Кладовка, бокс, ячейка ул Григория Булгаков","Ул. Григория Булгакова, 7к1",680,,,,
Краснодар,Краснодарский край,self_storage,https://www.avito.ru/krasnodar/kommercheskaya_nedvizhimost/vmestitelnaya_kladovka_ryadom_s_domom_8457712892,Вместительная кладовка рядом с домом,"Ростовское ш., 30/6к2",1500,,,,
Краснодар,Краснодарский край,self_storage,https://www.avito.ru/krasnodar/kommercheskaya_nedvizhimost/sklad_25.3_m_2154504659,"Склад, 25.3 м²","Фестивальный мкр-н, ул. имени Тургенева, 203/1",12000,,25.3 м²,,
Краснодар,Краснодарский край,warehouse_rental,https://www.avito.ru/krasnodar/kommercheskaya_nedvizhimost/sklad_8407607587,Склад,"Рашпилевская ул., 321Б",32500,,,,
Краснодар,Краснодарский край,warehouse_rental,https://www.avito.ru/krasnodar/kommercheskaya_nedvizhimost/sklad_80_m_8416295490,"Склад, 80 м²","Круговая ул., 40",25000,,80 м²,,
Краснодар,Краснодарский край,self_storage,https://www.avito.ru/krasnodar/kommercheskaya_nedvizhimost/sklad-kladovka_9_m_pomeschenie_svobodnogo_nazn_3671221611,Склад-кладовка 9 м² / Помещение свободного назн,"Ул. Героя А.А. Аверкиева, 6",8000,,9 м²,,
Краснодар,Краснодарский край,self_storage,https://www.avito.ru/krasnodar/kommercheskaya_nedvizhimost/kladovaya_sklad_boksy_na_ul._d._blagoeva_29_8280331321,"Кладовая, склад, боксы на ул. Д. Благоева 29","Карасунский внутригородской округ, мкр-н Гидростроителей, ул. Дмитрия Благоева, 29к1",750,,,,
Краснодар,Краснодарский край,warehouse_rental,https://www.avito.ru/krasnodar/kommercheskaya_nedvizhimost/sklad_ot_700_do_3000_m_8069344627,Склад от 700 до 3000 м²,"Ул. имени Демуса М.Н., 3/2",350000,,700–3000 м²,,
Краснодар,Краснодарский край,self_storage,https://www.avito.ru/krasnodar/kommercheskaya_nedvizhimost/boks_hraneniya_kladovaya_72m_8394220646,"Бокс хранения, кладовая 7,2м²","Ул. имени Героя Георгия Бочарникова, 9А",7950,,7.2 м²,,
Краснодар,Краснодарский край,self_storage,https://www.avito.ru/krasnodar/kommercheskaya_nedvizhimost/kladovaya_sklad_v_mkr_yubileynyy_pr._chekistov_1_8280779093,"Кладовая, склад в мкр юбилейный пр. Чекистов 1","Мкр-н Юбилейный, пр-т Чекистов, 1с2",1111,,,,
Краснодар,Краснодарский край,self_storage,https://www.avito.ru/krasnodar/kommercheskaya_nedvizhimost/arenda_kladovki_yacheyki_boksa_sklad_ul._chehova_4_8056390013,"Аренда кладовки, ячейки, бокса, склад ул. чехова 4","Мкр-н Дубинка, ул. имени Чехова, 4",820,,,,
Краснодар,Краснодарский край,self_storage,https://www.avito.ru/krasnodar/kommercheskaya_nedvizhimost/sklad_9_m_7430727170,"Склад, 9 м²","Ул. имени Евдокии Бершанской, 67",5000,,9 м²,,
Краснодар,Краснодарский край,self_storage,https://www.avito.ru/krasnodar/kommercheskaya_nedvizhimost/kladovka_boks_v_krasnodare_7991417541,Кладовка / бокс в Краснодаре,"Ставропольская ул., 96А",300,,,,
Краснодар,Краснодарский край,self_storage,https://www.avito.ru/krasnodar/kommercheskaya_nedvizhimost/kladovka_na_kontsevicha_4_ohrana_8119871604,"Кладовка на Концевича 4, охрана","Ул. им. Г.М. Концевича, 4",250,,,,
Краснодар,Краснодарский край,warehouse_rental,https://www.avito.ru/krasnodar/kommercheskaya_nedvizhimost/arenda_sklada_v_krasnodare_8044036304,Аренда склада в Краснодаре,"Прикубанский внутригородской округ, мкр-н Славянский, Заполярная ул., 37к1",9000,,,,
Санкт-Петербург,Санкт-Петербург,self_storage,https://www.avito.ru/sankt-peterburg/kommercheskaya_nedvizhimost/sdam_sklad_v_arendu_ot_2_do_8_kv.m_2559044201,"Сдам склад в аренду, от 2 до 8 кв.м","Ново-Никитинская ул., 3К",2100,,2–8 м²,,
Санкт-Петербург,Санкт-Петербург,self_storage,https://www.avito.ru/sankt-peterburg/kommercheskaya_nedvizhimost/arenda_sklada-kladovoy_2.75_m_8288779340,"Аренда склада-кладовой, 2.75 м²","Ул. Руставели, 53",2900,,2.75 м²,,
Санкт-Петербург,Санкт-Петербург,self_storage,https://www.avito.ru/sankt-peterburg/kommercheskaya_nedvizhimost/kladovaya_14_m_2514504254,"Кладовая, 14 м²","Ул. Орджоникидзе, 44к5",12150,,14 м²,,
Санкт-Петербург,Санкт-Петербург,self_storage,https://www.avito.ru/sankt-peterburg_kolpino/kommercheskaya_nedvizhimost/teplyy_sklad_3.5_m_7829063852,"Теплый склад, 3.5 м²",Колпино,4000,,3.5 м²,,
Санкт-Петербург,Санкт-Петербург,self_storage,https://www.avito.ru/sankt-peterburg/kommercheskaya_nedvizhimost/sklad_5_m_8342152537,"Склад, 5 м²","Ул. Чирикова, 5",6500,,5 м²,,
Санкт-Петербург,Санкт-Петербург,self_storage,https://www.avito.ru/sankt-peterburg/kommercheskaya_nedvizhimost/sklad_kladovka_4_m_3062280308,"Склад, кладовка 4 м²","Пискарёвский пр-т, 150к2",3500,,4 м²,,
Санкт-Петербург,Санкт-Петербург,self_storage,https://www.avito.ru/sankt-peterburg/kommercheskaya_nedvizhimost/sklad_3.6_m_8395526240,"Склад, 3.6 м²","Среднерогатская ул., 9к3",5000,,3.6 м²,,
Санкт-Петербург,Санкт-Петербург,warehouse_rental,https://www.avito.ru/sankt-peterburg/kommercheskaya_nedvizhimost/kladovaya_65_m_8320069012,"Кладовая, 65 м²","Пр-т Большевиков, 56к4",31800,,65 м²,,
Санкт-Петербург,Санкт-Петербург,self_storage,https://www.avito.ru/sankt-peterburg/kommercheskaya_nedvizhimost/sklad_3.7_m_3620819140,"Склад, 3.7 м²","Ул. Дыбенко, 2",6000,,3.7 м²,,
Санкт-Петербург,Санкт-Петербург,self_storage,https://www.avito.ru/sankt-peterburg/kommercheskaya_nedvizhimost/sdam_kladovku_sklad_boks_garazh_8m_8309099584,Сдам кладовку склад бокс гараж — 8м²,"Морская наб., 32",6000,,8 м²,,
Санкт-Петербург,Санкт-Петербург,warehouse_rental,https://www.avito.ru/sankt-peterburg/kommercheskaya_nedvizhimost/sklad_80_m_8354995460,"Склад, 80 м²","Софийская ул., 8к1с1",1200,,80 м²,,
Санкт-Петербург,Санкт-Петербург,self_storage,https://www.avito.ru/sankt-peterburg/kommercheskaya_nedvizhimost/sklad_3.9_m_7728957178,"Склад, 3.9 м²","Опочинина ул., 6",2535,,3.9 м²,,
Нижний Новгород,Нижегородская область,self_storage,https://www.avito.ru/nizhniy_novgorod/kommercheskaya_nedvizhimost/sklad_21_m_8263906881,"Склад, 21 м²","Жилой район Северный, Борская ул., 17Г",10000,,21 м²,,
Нижний Новгород,Нижегородская область,self_storage,https://www.avito.ru/nizhniy_novgorod/kommercheskaya_nedvizhimost/sklad_2_m_7631586309,"Склад, 2 м²","Ул. Родионова, 188",3200,,2 м²,,
Казань,Республика Татарстан,self_storage,https://www.avito.ru/kazan/kommercheskaya_nedvizhimost/kladovaya_8435048555,Кладовая,"Ул. Габдуллы Кариева, 4",1000,,,,
Казань,Республика Татарстан,self_storage,https://www.avito.ru/kazan/kommercheskaya_nedvizhimost/kladovaya-sklad_8180803721,Кладовая-склад,"Ул. Анаса Тазетдинова, 7к1",3900,,,,
Казань,Республика Татарстан,self_storage,https://www.avito.ru/kazan/kommercheskaya_nedvizhimost/kladovaya-sklad_8357623952,Кладовая-склад,"Ул. Академика Губкина, 12Б",4000,,,,
Казань,Республика Татарстан,self_storage,https://www.avito.ru/kazan/kommercheskaya_nedvizhimost/sklad_3_m_8052534117,"Склад, 3 м²","Республика Татарстан (Татарстан), Казань",2600,,3 м²,,
Краснодар,Краснодарский край,self_storage,https://www.avito.ru/krasnodar/kommercheskaya_nedvizhimost/sklad_25_m_7293775092,"Склад, 25 м²","Ул. Краеведа Соловьёва, 6к6",900,,25 м²,,
Краснодар,Краснодарский край,self_storage,https://www.avito.ru/krasnodar/kommercheskaya_nedvizhimost/kladovkasklad_dlya_sellerovkamera_hraneniya1_etazh_8280431492,Кладовка/Склад для селлеров/Камера хранения/1 этаж,"Московская ул., 160А",4200,,,,
Краснодар,Краснодарский край,self_storage,https://www.avito.ru/krasnodar/kommercheskaya_nedvizhimost/stilnaya_kladovka_8335341377,Стильная Кладовка,"Краснодарский край, Краснодар",6000,,,,
Краснодар,Краснодарский край,self_storage,https://www.avito.ru/krasnodar/kommercheskaya_nedvizhimost/lichnaya_kladovka_na_tamanke_krasnodar_247_8126590085,"Личная кладовка на Таманке Краснодар, 24/7","Краснодарский край, Краснодар",699,,,,
Краснодар,Краснодарский край,self_storage,https://www.avito.ru/krasnodar/kommercheskaya_nedvizhimost/teplaya_i_suhaya_kladovka_dlya_veschey_v_krasnodare_7774495640,Теплая и сухая кладовка для вещей в Краснодаре,"Краснодарский край, Краснодар",599,,,,
Краснодар,Краснодарский край,self_storage,https://www.avito.ru/krasnodar/kommercheskaya_nedvizhimost/hranenie_mototsikla_kladovka_sklad_8381580787,Хранение мотоцикла / Кладовка / Склад,"Краснодарский край, Краснодар",4000,,,,
Краснодар,Краснодарский край,self_storage,https://www.avito.ru/krasnodar/kommercheskaya_nedvizhimost/sklad_kladovka_6_m_8198839514,"Склад, кладовка 6 м²","Краснодарский край, Краснодар",5000,,6 м²,,
Краснодар,Краснодарский край,self_storage,https://www.avito.ru/krasnodar/kommercheskaya_nedvizhimost/sklad_5_m_7336187872,"Склад, 5 м²","Краснодарский край, Краснодар",4000,,5 м²,,
Краснодар,Краснодарский край,self_storage,https://www.avito.ru/krasnodar/kommercheskaya_nedvizhimost/sklad_kladovaya_13_m_7302769336,"Склад, кладовая 13 м²","Краснодарский край, Краснодар",8000,,13 м²,,
Краснодар,Краснодарский край,self_storage,https://www.avito.ru/krasnodar/kommercheskaya_nedvizhimost/kladovka_sklad_12_m2_8198129914,Кладовка склад 12 м2,"Краснодарский край, Краснодар",9000,,12 м²,,
Краснодар,Краснодарский край,self_storage,https://www.avito.ru/krasnodar/kommercheskaya_nedvizhimost/sklad_kladovka_8_m_3719534426,"Склад, кладовка 8 м²","Краснодарский край, Краснодар",6000,,8 м²,,
Краснодар,Краснодарский край,self_storage,https://www.avito.ru/krasnodar/kommercheskaya_nedvizhimost/sklad_7_m_7759558193,"Склад, 7 м²","Краснодарский край, Краснодар",6120,,7 м²,,
Краснодар,Краснодарский край,self_storage,https://www.avito.ru/krasnodar/kommercheskaya_nedvizhimost/kladovka_sklad_hranenie_17_m_3719608644,"Кладовка, Склад, хранение 17 м²","Краснодарский край, Краснодар",11000,,17 м²,,
